{"v":"5.5.7","fr":24,"ip":0,"op":48,"w":1080,"h":1080,"nm":"Đang nạp bài","ddd":0,"assets":[],"layers":[{"ddd":0,"ind":1,"ty":4,"nm":"Htaj trái/Đang nạp bài Outlines 2","sr":1,"ks":{"o":{"a":0,"k":100,"ix":11},"r":{"a":0,"k":0,"ix":10},"p":{"a":0,"k":[848.626,867.607,0],"ix":2},"a":{"a":0,"k":[20,20,0],"ix":1},"s":{"a":1,"k":[{"i":{"x":[0.833,0.833,0.833],"y":[0.833,0.833,0.833]},"o":{"x":[0.167,0.167,0.167],"y":[0.167,0.167,0.167]},"t":22,"s":[0,0,100]},{"i":{"x":[0.833,0.833,0.833],"y":[0.833,0.833,0.833]},"o":{"x":[0.167,0.167,0.167],"y":[0.167,0.167,0.167]},"t":30,"s":[120,120,100]},{"i":{"x":[0.833,0.833,0.833],"y":[0.833,0.833,0.833]},"o":{"x":[0.167,0.167,0.167],"y":[0.167,0.167,0.167]},"t":49,"s":[100,100,100]},{"t":69,"s":[0,0,100]}],"ix":6}},"ao":0,"shapes":[{"ty":"gr","it":[{"ind":0,"ty":"sh","ix":1,"ks":{"a":0,"k":{"i":[[10.415,0.371],[-0.083,-10.695],[-10.514,-0.005],[-0.159,10.305]],"o":[[-10.563,-0.375],[0.08,10.386],[10.404,0.005],[0.159,-10.283]],"v":[[0.465,-19.009],[-19.339,0.491],[-0.082,19.379],[19.262,0.517]],"c":true},"ix":2},"nm":"Path 1","mn":"ADBE Vector Shape - Group","hd":false},{"ty":"fl","c":{"a":0,"k":[1,0.654999976065,0.030999998953,1],"ix":4},"o":{"a":0,"k":100,"ix":5},"r":1,"bm":0,"nm":"Fill 1","mn":"ADBE Vector Graphic - Fill","hd":false},{"ty":"tr","p":{"a":0,"k":[19.671,19.634],"ix":2},"a":{"a":0,"k":[0,0],"ix":1},"s":{"a":0,"k":[100,100],"ix":3},"r":{"a":0,"k":0,"ix":6},"o":{"a":0,"k":100,"ix":7},"sk":{"a":0,"k":0,"ix":4},"sa":{"a":0,"k":0,"ix":5},"nm":"Transform"}],"nm":"Group 1","np":2,"cix":2,"bm":0,"ix":1,"mn":"ADBE Vector Group","hd":false}],"ip":22,"op":70,"st":22,"bm":0},{"ddd":0,"ind":2,"ty":4,"nm":"Bóng phải/Đang nạp bài Outlines","sr":1,"ks":{"o":{"a":0,"k":100,"ix":11},"r":{"a":0,"k":0,"ix":10},"p":{"a":0,"k":[776.916,986.191,0],"ix":2},"a":{"a":0,"k":[142,19,0],"ix":1},"s":{"a":1,"k":[{"i":{"x":[0.833,0.833,0.833],"y":[0.833,0.833,0.833]},"o":{"x":[0.167,0.167,0.167],"y":[0.167,0.167,0.167]},"t":0,"s":[100,100,100]},{"i":{"x":[0.833,0.833,0.833],"y":[0.833,0.833,0.833]},"o":{"x":[0.167,0.167,0.167],"y":[0.167,0.167,0.167]},"t":10,"s":[79,79,100]},{"i":{"x":[0.833,0.833,0.833],"y":[0.833,0.833,0.833]},"o":{"x":[0.167,0.167,0.167],"y":[0.167,0.167,0.167]},"t":24,"s":[100,100,100]},{"i":{"x":[0.833,0.833,0.833],"y":[0.833,0.833,0.833]},"o":{"x":[0.167,0.167,0.167],"y":[0.167,0.167,0.167]},"t":31,"s":[79,79,100]},{"t":46,"s":[100,100,100]}],"ix":6}},"ao":0,"shapes":[{"ty":"gr","it":[{"ind":0,"ty":"sh","ix":1,"ks":{"a":0,"k":{"i":[[10.185,0],[0,0],[0,10.184],[-10.184,0],[0,0],[0,-10.185]],"o":[[0,0],[-10.184,0],[0,-10.185],[0,0],[10.185,0],[0,10.184]],"v":[[122.9,18.441],[-122.9,18.441],[-141.34,0.001],[-122.9,-18.441],[122.9,-18.441],[141.34,0.001]],"c":true},"ix":2},"nm":"Path 1","mn":"ADBE Vector Shape - Group","hd":false},{"ty":"fl","c":{"a":0,"k":[0.842999985639,0.842999985639,0.842999985639,1],"ix":4},"o":{"a":0,"k":100,"ix":5},"r":1,"bm":0,"nm":"Fill 1","mn":"ADBE Vector Graphic - Fill","hd":false},{"ty":"tr","p":{"a":0,"k":[141.59,18.691],"ix":2},"a":{"a":0,"k":[0,0],"ix":1},"s":{"a":0,"k":[100,100],"ix":3},"r":{"a":0,"k":0,"ix":6},"o":{"a":0,"k":100,"ix":7},"sk":{"a":0,"k":0,"ix":4},"sa":{"a":0,"k":0,"ix":5},"nm":"Transform"}],"nm":"Group 1","np":2,"cix":2,"bm":0,"ix":1,"mn":"ADBE Vector Group","hd":false}],"ip":0,"op":48,"st":0,"bm":0},{"ddd":0,"ind":3,"ty":4,"nm":"Bóng trái/Đang nạp bài Outlines","sr":1,"ks":{"o":{"a":0,"k":100,"ix":11},"r":{"a":0,"k":-0.064,"ix":10},"p":{"a":0,"k":[474.489,985.618,0],"ix":2},"a":{"a":1,"k":[{"i":{"x":0.833,"y":0.833},"o":{"x":0.167,"y":0.167},"t":0,"s":[80,19,0],"to":[-13.5,0,0],"ti":[0,0,0]},{"i":{"x":0.833,"y":0.833},"o":{"x":0.167,"y":0.167},"t":11,"s":[-1,19,0],"to":[0,0,0],"ti":[-13.5,0,0]},{"t":47,"s":[80,19,0]}],"ix":1},"s":{"a":1,"k":[{"i":{"x":[0.833,0.833,0.833],"y":[0.833,0.833,0.833]},"o":{"x":[0.167,0.167,0.167],"y":[0.167,0.167,0.167]},"t":0,"s":[100,100,100]},{"i":{"x":[0.833,0.833,0.833],"y":[0.833,0.833,0.833]},"o":{"x":[0.167,0.167,0.167],"y":[0.167,0.167,0.167]},"t":11,"s":[76,76,100]},{"t":47,"s":[128.429,100.136,100]}],"ix":6}},"ao":0,"shapes":[{"ty":"gr","it":[{"ind":0,"ty":"sh","ix":1,"ks":{"a":0,"k":{"i":[[10.185,0],[0,0],[0,10.184],[-10.184,0],[0,0],[0,-10.185]],"o":[[0,0],[-10.184,0],[0,-10.185],[0,0],[10.185,0],[0,10.184]],"v":[[61.265,18.441],[-61.265,18.441],[-79.704,0.001],[-61.265,-18.441],[61.265,-18.441],[79.704,0.001]],"c":true},"ix":2},"nm":"Path 1","mn":"ADBE Vector Shape - Group","hd":false},{"ty":"fl","c":{"a":0,"k":[0.842999985639,0.842999985639,0.842999985639,1],"ix":4},"o":{"a":0,"k":100,"ix":5},"r":1,"bm":0,"nm":"Fill 1","mn":"ADBE Vector Graphic - Fill","hd":false},{"ty":"tr","p":{"a":0,"k":[79.954,18.691],"ix":2},"a":{"a":0,"k":[0,0],"ix":1},"s":{"a":0,"k":[100,100],"ix":3},"r":{"a":0,"k":0,"ix":6},"o":{"a":0,"k":100,"ix":7},"sk":{"a":0,"k":0,"ix":4},"sa":{"a":0,"k":0,"ix":5},"nm":"Transform"}],"nm":"Group 1","np":2,"cix":2,"bm":0,"ix":1,"mn":"ADBE Vector Group","hd":false}],"ip":0,"op":48,"st":0,"bm":0},{"ddd":0,"ind":4,"ty":4,"nm":"Hạt phải/Đang nạp bài Outlines","sr":1,"ks":{"o":{"a":0,"k":100,"ix":11},"r":{"a":0,"k":0,"ix":10},"p":{"a":0,"k":[842,398,0],"ix":2},"a":{"a":0,"k":[14.5,15,0],"ix":1},"s":{"a":1,"k":[{"i":{"x":[0.833,0.833,0.833],"y":[0.833,0.833,0.833]},"o":{"x":[0.167,0.167,0.167],"y":[0.167,0.167,0.167]},"t":6,"s":[0,0,100]},{"i":{"x":[0.833,0.833,0.833],"y":[0.833,0.833,0.833]},"o":{"x":[0.167,0.167,0.167],"y":[0.167,0.167,0.167]},"t":11,"s":[110,110,100]},{"i":{"x":[0.833,0.833,0.833],"y":[0.833,0.833,0.833]},"o":{"x":[0.167,0.167,0.167],"y":[0.167,0.167,0.167]},"t":33,"s":[90,90,100]},{"t":57,"s":[0,0,100]}],"ix":6}},"ao":0,"shapes":[{"ty":"gr","it":[{"ind":0,"ty":"sh","ix":1,"ks":{"a":0,"k":{"i":[[-7.08,-0.497],[-0.421,7.659],[7.27,0.658],[0.221,-8.006]],"o":[[7.72,0.542],[0.413,-7.495],[-8.248,-0.746],[-0.196,7.064]],"v":[[-1.088,13.714],[13.633,0.846],[1.558,-13.511],[-13.85,-0.303]],"c":true},"ix":2},"nm":"Path 1","mn":"ADBE Vector Shape - Group","hd":false},{"ty":"fl","c":{"a":0,"k":[1,0.658999992819,0.039000002543,1],"ix":4},"o":{"a":0,"k":100,"ix":5},"r":1,"bm":0,"nm":"Fill 1","mn":"ADBE Vector Graphic - Fill","hd":false},{"ty":"tr","p":{"a":0,"k":[14.296,14.507],"ix":2},"a":{"a":0,"k":[0,0],"ix":1},"s":{"a":0,"k":[100,100],"ix":3},"r":{"a":0,"k":0,"ix":6},"o":{"a":0,"k":100,"ix":7},"sk":{"a":0,"k":0,"ix":4},"sa":{"a":0,"k":0,"ix":5},"nm":"Transform"}],"nm":"Group 1","np":2,"cix":2,"bm":0,"ix":1,"mn":"ADBE Vector Group","hd":false}],"ip":6,"op":54,"st":6,"bm":0},{"ddd":0,"ind":5,"ty":4,"nm":"Htaj trái/Đang nạp bài Outlines","sr":1,"ks":{"o":{"a":0,"k":100,"ix":11},"r":{"a":0,"k":0,"ix":10},"p":{"a":0,"k":[220,700,0],"ix":2},"a":{"a":0,"k":[20,20,0],"ix":1},"s":{"a":1,"k":[{"i":{"x":[0.833,0.833,0.833],"y":[0.833,0.833,0.833]},"o":{"x":[0.167,0.167,0.167],"y":[0.167,0.167,0.167]},"t":0,"s":[0,0,100]},{"i":{"x":[0.833,0.833,0.833],"y":[0.833,0.833,0.833]},"o":{"x":[0.167,0.167,0.167],"y":[0.167,0.167,0.167]},"t":8,"s":[120,120,100]},{"i":{"x":[0.833,0.833,0.833],"y":[0.833,0.833,0.833]},"o":{"x":[0.167,0.167,0.167],"y":[0.167,0.167,0.167]},"t":27,"s":[100,100,100]},{"t":47,"s":[0,0,100]}],"ix":6}},"ao":0,"shapes":[{"ty":"gr","it":[{"ind":0,"ty":"sh","ix":1,"ks":{"a":0,"k":{"i":[[10.415,0.371],[-0.083,-10.695],[-10.514,-0.005],[-0.159,10.305]],"o":[[-10.563,-0.375],[0.08,10.386],[10.404,0.005],[0.159,-10.283]],"v":[[0.465,-19.009],[-19.339,0.491],[-0.082,19.379],[19.262,0.517]],"c":true},"ix":2},"nm":"Path 1","mn":"ADBE Vector Shape - Group","hd":false},{"ty":"fl","c":{"a":0,"k":[1,0.654999976065,0.030999998953,1],"ix":4},"o":{"a":0,"k":100,"ix":5},"r":1,"bm":0,"nm":"Fill 1","mn":"ADBE Vector Graphic - Fill","hd":false},{"ty":"tr","p":{"a":0,"k":[19.671,19.634],"ix":2},"a":{"a":0,"k":[0,0],"ix":1},"s":{"a":0,"k":[100,100],"ix":3},"r":{"a":0,"k":0,"ix":6},"o":{"a":0,"k":100,"ix":7},"sk":{"a":0,"k":0,"ix":4},"sa":{"a":0,"k":0,"ix":5},"nm":"Transform"}],"nm":"Group 1","np":2,"cix":2,"bm":0,"ix":1,"mn":"ADBE Vector Group","hd":false}],"ip":0,"op":48,"st":0,"bm":0},{"ddd":0,"ind":6,"ty":4,"nm":"Lông mày/Đang nạp bài Outlines","sr":1,"ks":{"o":{"a":0,"k":100,"ix":11},"r":{"a":0,"k":0,"ix":10},"p":{"a":0,"k":[540,282,0],"ix":2},"a":{"a":1,"k":[{"i":{"x":0.833,"y":0.833},"o":{"x":0.167,"y":0.167},"t":0,"s":[84,13.5,0],"to":[0,4,0],"ti":[0,0,0]},{"i":{"x":0.833,"y":0.833},"o":{"x":0.167,"y":0.167},"t":8,"s":[84,37.5,0],"to":[0,0,0],"ti":[0,0,0]},{"i":{"x":0.833,"y":0.833},"o":{"x":0.167,"y":0.167},"t":26,"s":[84,13.5,0],"to":[0,0,0],"ti":[0,0,0]},{"i":{"x":0.833,"y":0.833},"o":{"x":0.167,"y":0.167},"t":30,"s":[84,37.5,0],"to":[0,0,0],"ti":[0,4,0]},{"t":52,"s":[84,13.5,0]}],"ix":1},"s":{"a":0,"k":[90,90,100],"ix":6}},"ao":0,"shapes":[{"ty":"gr","it":[{"ind":0,"ty":"sh","ix":1,"ks":{"a":0,"k":{"i":[[-0.832,-0.518],[-0.62,0.672],[-1.648,2.049],[-6.163,-0.204],[-2.469,-1.492],[-1.891,-1.306],[-0.427,0.487],[-0.245,1.21],[0.404,0.476],[8.363,-1.417],[2.83,-8.02]],"o":[[0.837,0.521],[1.768,-1.918],[2.608,-3.243],[1.101,0.508],[1.951,1.179],[0.632,0.437],[0.77,-0.878],[0.108,-0.532],[-5.185,-6.113],[-8.627,1.462],[-0.313,0.887]],"v":[[-17.227,9.715],[-13.721,9.436],[-9.12,3.029],[2.996,-1.986],[9.328,1.021],[14.671,5.412],[17.383,5.323],[18.728,1.883],[18.014,0.095],[-1.798,-8.82],[-18.523,6.435]],"c":true},"ix":2},"nm":"Path 1","mn":"ADBE Vector Shape - Group","hd":false},{"ty":"fl","c":{"a":0,"k":[0.875,0.972999961703,1,1],"ix":4},"o":{"a":0,"k":100,"ix":5},"r":1,"bm":0,"nm":"Fill 1","mn":"ADBE Vector Graphic - Fill","hd":false},{"ty":"tr","p":{"a":0,"k":[19.086,16.104],"ix":2},"a":{"a":0,"k":[0,0],"ix":1},"s":{"a":0,"k":[100,100],"ix":3},"r":{"a":0,"k":0,"ix":6},"o":{"a":0,"k":100,"ix":7},"sk":{"a":0,"k":0,"ix":4},"sa":{"a":0,"k":0,"ix":5},"nm":"Transform"}],"nm":"Group 1","np":2,"cix":2,"bm":0,"ix":1,"mn":"ADBE Vector Group","hd":false},{"ty":"gr","it":[{"ind":0,"ty":"sh","ix":1,"ks":{"a":0,"k":{"i":[[-1.783,-0.528],[-0.939,1.584],[-1.439,1.766],[-5.107,-4.763],[-1.512,-1.226],[-0.775,0.333],[-0.484,0.561],[0.248,0.567],[8.897,-6.728],[1.504,-4.112]],"o":[[1.827,0.541],[1.173,-1.98],[4.462,-5.477],[1.434,1.337],[0.586,0.476],[0.773,-0.332],[-0.115,-0.932],[-4.49,-10.264],[-3.509,2.653],[-0.845,2.315]],"v":[[-14.576,10.762],[-10.487,8.963],[-6.898,3.071],[8.508,1.997],[12.6,6.223],[15.318,6.34],[17.06,4.444],[16.766,2.239],[-8.88,-4.575],[-16.216,5.778]],"c":true},"ix":2},"nm":"Path 1","mn":"ADBE Vector Shape - Group","hd":false},{"ty":"fl","c":{"a":0,"k":[0.875,0.972999961703,1,1],"ix":4},"o":{"a":0,"k":100,"ix":5},"r":1,"bm":0,"nm":"Fill 1","mn":"ADBE Vector Graphic - Fill","hd":false},{"ty":"tr","p":{"a":0,"k":[150.444,11.553],"ix":2},"a":{"a":0,"k":[0,0],"ix":1},"s":{"a":0,"k":[100,100],"ix":3},"r":{"a":0,"k":0,"ix":6},"o":{"a":0,"k":100,"ix":7},"sk":{"a":0,"k":0,"ix":4},"sa":{"a":0,"k":0,"ix":5},"nm":"Transform"}],"nm":"Group 2","np":2,"cix":2,"bm":0,"ix":2,"mn":"ADBE Vector Group","hd":false}],"ip":0,"op":48,"st":0,"bm":0},{"ddd":0,"ind":7,"ty":4,"nm":"Mắt phải/Đang nạp bài Outlines","sr":1,"ks":{"o":{"a":0,"k":100,"ix":11},"r":{"a":1,"k":[{"i":{"x":[0.833],"y":[0.833]},"o":{"x":[0.167],"y":[0.167]},"t":0,"s":[0]},{"i":{"x":[0.833],"y":[0.833]},"o":{"x":[0.167],"y":[0.167]},"t":8,"s":[-28.444]},{"i":{"x":[0.833],"y":[0.833]},"o":{"x":[0.167],"y":[0.167]},"t":26,"s":[0]},{"i":{"x":[0.833],"y":[0.833]},"o":{"x":[0.167],"y":[0.167]},"t":30,"s":[-14.728]},{"t":53,"s":[0]}],"ix":10},"p":{"a":0,"k":[481.326,394,0],"ix":2},"a":{"a":0,"k":[-2.674,-32,0],"ix":1},"s":{"a":0,"k":[90,90,100],"ix":6}},"ao":0,"shapes":[{"ty":"gr","it":[{"ind":0,"ty":"sh","ix":1,"ks":{"a":0,"k":{"i":[[10.004,-0.038],[-0.174,-9.99],[-9.563,-0.147],[-0.034,10.036]],"o":[[-9.912,0.038],[0.167,9.551],[10.119,0.155],[0.035,-10.059]],"v":[[-0.022,-17.575],[-17.428,0.351],[-0.264,17.458],[17.568,0.106]],"c":true},"ix":2},"nm":"Path 1","mn":"ADBE Vector Shape - Group","hd":false},{"ty":"fl","c":{"a":0,"k":[0.030999998953,0.030999998953,0.030999998953,1],"ix":4},"o":{"a":0,"k":100,"ix":5},"r":1,"bm":0,"nm":"Fill 1","mn":"ADBE Vector Graphic - Fill","hd":false},{"ty":"tr","p":{"a":0,"k":[17.853,17.863],"ix":2},"a":{"a":0,"k":[0,0],"ix":1},"s":{"a":0,"k":[100,100],"ix":3},"r":{"a":0,"k":0,"ix":6},"o":{"a":0,"k":100,"ix":7},"sk":{"a":0,"k":0,"ix":4},"sa":{"a":0,"k":0,"ix":5},"nm":"Transform"}],"nm":"Group 1","np":2,"cix":2,"bm":0,"ix":1,"mn":"ADBE Vector Group","hd":false}],"ip":0,"op":48,"st":0,"bm":0},{"ddd":0,"ind":8,"ty":4,"nm":"Mắt trái/Đang nạp bài Outlines","sr":1,"ks":{"o":{"a":0,"k":100,"ix":11},"r":{"a":1,"k":[{"i":{"x":[0.833],"y":[0.833]},"o":{"x":[0.167],"y":[0.167]},"t":0,"s":[0]},{"i":{"x":[0.833],"y":[0.833]},"o":{"x":[0.167],"y":[0.167]},"t":8,"s":[-28.14]},{"i":{"x":[0.833],"y":[0.833]},"o":{"x":[0.167],"y":[0.167]},"t":26,"s":[0]},{"i":{"x":[0.833],"y":[0.833]},"o":{"x":[0.167],"y":[0.167]},"t":30,"s":[-22.754]},{"t":53,"s":[0]}],"ix":10},"p":{"a":0,"k":[642,389,0],"ix":2},"a":{"a":0,"k":[-5.5,-36.5,0],"ix":1},"s":{"a":0,"k":[90,90,100],"ix":6}},"ao":0,"shapes":[{"ty":"gr","it":[{"ind":0,"ty":"sh","ix":1,"ks":{"a":0,"k":{"i":[[9.816,0.151],[0.169,-9.333],[-10.089,-0.013],[-0.149,9.757]],"o":[[-10.147,-0.453],[-0.172,9.437],[9.908,0.013],[0.149,-9.751]],"v":[[0.306,-17.308],[-17.681,-0.073],[-0.267,17.748],[17.704,0.513]],"c":true},"ix":2},"nm":"Path 1","mn":"ADBE Vector Shape - Group","hd":false},{"ty":"fl","c":{"a":0,"k":[0.035000000748,0.035000000748,0.035000000748,1],"ix":4},"o":{"a":0,"k":100,"ix":5},"r":1,"bm":0,"nm":"Fill 1","mn":"ADBE Vector Graphic - Fill","hd":false},{"ty":"tr","p":{"a":0,"k":[18.103,18.011],"ix":2},"a":{"a":0,"k":[0,0],"ix":1},"s":{"a":0,"k":[100,100],"ix":3},"r":{"a":0,"k":0,"ix":6},"o":{"a":0,"k":100,"ix":7},"sk":{"a":0,"k":0,"ix":4},"sa":{"a":0,"k":0,"ix":5},"nm":"Transform"}],"nm":"Group 1","np":2,"cix":2,"bm":0,"ix":1,"mn":"ADBE Vector Group","hd":false}],"ip":0,"op":48,"st":0,"bm":0},{"ddd":0,"ind":9,"ty":4,"nm":"Máy tính/Đang nạp bài Outlines","sr":1,"ks":{"o":{"a":0,"k":100,"ix":11},"r":{"a":0,"k":0,"ix":10},"p":{"a":0,"k":[749,772,0],"ix":2},"a":{"a":1,"k":[{"i":{"x":0.833,"y":0.833},"o":{"x":0.167,"y":0.167},"t":0,"s":[239,108.5,0],"to":[0,12.833,0],"ti":[0,-6.167,0]},{"i":{"x":0.833,"y":0.833},"o":{"x":0.167,"y":0.167},"t":8,"s":[239,185.5,0],"to":[0,6.167,0],"ti":[0,-1.833,0]},{"i":{"x":0.833,"y":0.833},"o":{"x":0.167,"y":0.167},"t":26,"s":[239,145.5,0],"to":[0,1.833,0],"ti":[0,6.167,0]},{"i":{"x":0.833,"y":0.833},"o":{"x":0.167,"y":0.167},"t":30,"s":[239,196.5,0],"to":[0,-6.167,0],"ti":[0,14.667,0]},{"t":54,"s":[239,108.5,0]}],"ix":1},"s":{"a":0,"k":[100,100,100],"ix":6}},"ao":0,"shapes":[{"ty":"gr","it":[{"ind":0,"ty":"sh","ix":1,"ks":{"a":0,"k":{"i":[[0,-15.488],[5.906,-5.905],[9.007,0],[0,0],[0,18.013],[-5.897,5.905],[-9.007,0],[0,0],[-2.356,-0.543]],"o":[[0,9.007],[-5.897,5.907],[0,0],[-18.022,0],[0,-9.007],[5.906,-5.906],[0,0],[2.525,0],[14.48,3.329]],"v":[[100.883,0],[91.324,23.062],[68.261,32.62],[-68.262,32.62],[-100.883,0],[-91.333,-23.063],[-68.262,-32.62],[68.261,-32.62],[75.599,-31.79]],"c":true},"ix":2},"nm":"Path 1","mn":"ADBE Vector Shape - Group","hd":false},{"ty":"fl","c":{"a":0,"k":[0.728999956916,0.016000001571,0.219999994016,1],"ix":4},"o":{"a":0,"k":100,"ix":5},"r":1,"bm":0,"nm":"Fill 1","mn":"ADBE Vector Graphic - Fill","hd":false},{"ty":"tr","p":{"a":0,"k":[101.133,183.433],"ix":2},"a":{"a":0,"k":[0,0],"ix":1},"s":{"a":0,"k":[100,100],"ix":3},"r":{"a":0,"k":0,"ix":6},"o":{"a":0,"k":100,"ix":7},"sk":{"a":0,"k":0,"ix":4},"sa":{"a":0,"k":0,"ix":5},"nm":"Transform"}],"nm":"Group 1","np":2,"cix":2,"bm":0,"ix":1,"mn":"ADBE Vector Group","hd":false},{"ty":"gr","it":[{"ind":0,"ty":"sh","ix":1,"ks":{"a":0,"k":{"i":[[0,0],[0.136,-0.483],[9.481,-32.884],[11.15,-38.56],[0,0],[-0.339,0.177],[-0.474,0.212],[-16.208,13.159],[-12.244,14.633],[-9.261,14.921],[-6.659,15.302],[-4.888,15.504],[-1.008,3.72]],"o":[[-0.178,0.491],[-9.456,32.892],[-11.134,38.568],[0,0],[0.339,-0.187],[0.466,-0.238],[19.149,-8.693],[14.616,-11.861],[11.303,-13.515],[8.71,-14.057],[6.499,-14.937],[1.161,-3.669],[0,0]],"v":[[128.407,-107.902],[127.907,-106.453],[99.463,-7.803],[66.063,107.902],[-128.406,107.902],[-127.39,107.36],[-125.984,106.682],[-72.927,73.62],[-32.214,34.349],[-0.763,-7.803],[23.105,-51.32],[40.474,-96.802],[43.66,-107.902]],"c":true},"ix":2},"nm":"Path 1","mn":"ADBE Vector Shape - Group","hd":false},{"ty":"fl","c":{"a":0,"k":[0.882000014361,0.39199999641,0.517999985639,1],"ix":4},"o":{"a":0,"k":100,"ix":5},"r":1,"bm":0,"nm":"Fill 1","mn":"ADBE Vector Graphic - Fill","hd":false},{"ty":"tr","p":{"a":0,"k":[349.095,108.152],"ix":2},"a":{"a":0,"k":[0,0],"ix":1},"s":{"a":0,"k":[100,100],"ix":3},"r":{"a":0,"k":0,"ix":6},"o":{"a":0,"k":100,"ix":7},"sk":{"a":0,"k":0,"ix":4},"sa":{"a":0,"k":0,"ix":5},"nm":"Transform"}],"nm":"Group 2","np":2,"cix":2,"bm":0,"ix":2,"mn":"ADBE Vector Group","hd":false},{"ty":"gr","it":[{"ind":0,"ty":"sh","ix":1,"ks":{"a":0,"k":{"i":[[0,0],[1.161,-3.669],[6.498,-14.937],[8.71,-14.057],[11.303,-13.515],[14.616,-11.861],[19.149,-8.693],[0.466,-0.238],[0.339,-0.187],[0,0],[-4.465,20.564],[-0.593,1.415],[-13.735,-0.433],[-9.194,-0.153],[-0.636,2.474],[-12.192,47.27],[-0.22,1.076]],"o":[[-1.008,3.72],[-4.889,15.504],[-6.66,15.302],[-9.261,14.921],[-12.243,14.633],[-16.208,13.159],[-0.475,0.212],[-0.339,0.177],[0,0],[4.372,-20.589],[0.203,-0.941],[13.531,-0.288],[9.023,0.288],[0.889,-2.305],[12.142,-47.279],[0.263,-1.034],[0,0]],"v":[[135.74,-107.902],[132.553,-96.802],[115.184,-51.32],[91.316,-7.803],[59.865,34.349],[19.152,73.62],[-33.905,106.682],[-35.311,107.36],[-36.327,107.902],[-135.739,107.902],[-122.455,46.194],[-121.124,42.966],[-80.285,43.492],[-52.976,44.237],[-50.265,37.128],[-13.892,-104.733],[-13.189,-107.902]],"c":true},"ix":2},"nm":"Path 1","mn":"ADBE Vector Shape - Group","hd":false},{"ty":"fl","c":{"a":0,"k":[0.847000002394,0.195999998205,0.361000001197,1],"ix":4},"o":{"a":0,"k":100,"ix":5},"r":1,"bm":0,"nm":"Fill 1","mn":"ADBE Vector Graphic - Fill","hd":false},{"ty":"tr","p":{"a":0,"k":[257.017,108.152],"ix":2},"a":{"a":0,"k":[0,0],"ix":1},"s":{"a":0,"k":[100,100],"ix":3},"r":{"a":0,"k":0,"ix":6},"o":{"a":0,"k":100,"ix":7},"sk":{"a":0,"k":0,"ix":4},"sa":{"a":0,"k":0,"ix":5},"nm":"Transform"}],"nm":"Group 3","np":2,"cix":2,"bm":0,"ix":3,"mn":"ADBE Vector Group","hd":false}],"ip":0,"op":48,"st":0,"bm":0},{"ddd":0,"ind":10,"ty":4,"nm":"Miệng/Đang nạp bài Outlines","sr":1,"ks":{"o":{"a":0,"k":100,"ix":11},"r":{"a":1,"k":[{"i":{"x":[0.833],"y":[0.833]},"o":{"x":[0.167],"y":[0.167]},"t":0,"s":[0]},{"i":{"x":[0.833],"y":[0.833]},"o":{"x":[0.167],"y":[0.167]},"t":10,"s":[-32.479]},{"t":24,"s":[0]}],"ix":10},"p":{"a":0,"k":[472.024,495.764,0],"ix":2},"a":{"a":0,"k":[39.857,1.014,0],"ix":1},"s":{"a":0,"k":[100,100,100],"ix":6}},"ao":0,"shapes":[{"ty":"gr","it":[{"ind":0,"ty":"sh","ix":1,"ks":{"a":0,"k":{"i":[[1.761,1.19],[1.673,-1.376],[2.031,-1.655],[2.816,3.064],[-2.538,3.833],[-0.183,1.165],[0.709,1.31],[3.073,-2.216],[-4.502,-6.918],[-6.678,-0.146],[-2.697,6.57],[-0.033,0.645]],"o":[[-1.843,-1.244],[-2.024,1.666],[-3.361,2.739],[-1.725,-1.876],[0.72,-1.086],[0.237,-1.509],[-1.563,-2.888],[-6.768,4.882],[3.889,5.977],[7.556,-0.112],[0.247,-0.601],[0.113,-2.157]],"v":[[17.14,-2.38],[11.624,-2.308],[5.932,3.151],[-4.796,2.408],[-3.666,-5.563],[-1.582,-8.816],[-2.192,-13.492],[-10.902,-14.477],[-15.353,7.705],[0.941,16.693],[19.286,4.536],[19.743,2.625]],"c":true},"ix":2},"nm":"Path 1","mn":"ADBE Vector Shape - Group","hd":false},{"ty":"fl","c":{"a":0,"k":[0.944999964097,0.987999949736,1,1],"ix":4},"o":{"a":0,"k":100,"ix":5},"r":1,"bm":0,"nm":"Fill 1","mn":"ADBE Vector Graphic - Fill","hd":false},{"ty":"tr","p":{"a":0,"k":[20.105,16.943],"ix":2},"a":{"a":0,"k":[0,0],"ix":1},"s":{"a":0,"k":[100,100],"ix":3},"r":{"a":0,"k":0,"ix":6},"o":{"a":0,"k":100,"ix":7},"sk":{"a":0,"k":0,"ix":4},"sa":{"a":0,"k":0,"ix":5},"nm":"Transform"}],"nm":"Group 1","np":2,"cix":2,"bm":0,"ix":1,"mn":"ADBE Vector Group","hd":false}],"ip":0,"op":48,"st":0,"bm":0},{"ddd":0,"ind":11,"ty":4,"nm":"Thân/Đang nạp bài Outlines","sr":1,"ks":{"o":{"a":0,"k":100,"ix":11},"r":{"a":1,"k":[{"i":{"x":[0.833],"y":[0.833]},"o":{"x":[0.167],"y":[0.167]},"t":0,"s":[0]},{"i":{"x":[0.833],"y":[0.833]},"o":{"x":[0.167],"y":[0.167]},"t":8,"s":[-1.658]},{"t":47,"s":[0]}],"ix":10},"p":{"a":0,"k":[166.84,94.809,0],"ix":2},"a":{"a":0,"k":[-36.16,-34.191,0],"ix":1},"s":{"a":0,"k":[100,100,100],"ix":6}},"ao":0,"shapes":[{"ty":"gr","it":[{"ind":0,"ty":"sh","ix":1,"ks":{"a":0,"k":{"i":[[0.678,1.417],[-3.5,-2.51],[0.32,1.145]],"o":[[-2.201,3.562],[0,-1.998],[-0.417,-1.491]],"v":[[-0.044,-4.359],[1.99,4.359],[1.926,-0.09]],"c":true},"ix":2},"nm":"Path 1","mn":"ADBE Vector Shape - Group","hd":false},{"ty":"fl","c":{"a":0,"k":[0.180000005984,0.808000033509,0.819999964097,1],"ix":4},"o":{"a":0,"k":100,"ix":5},"r":1,"bm":0,"nm":"Fill 1","mn":"ADBE Vector Graphic - Fill","hd":false},{"ty":"tr","p":{"a":0,"k":[255.497,452.515],"ix":2},"a":{"a":0,"k":[0,0],"ix":1},"s":{"a":0,"k":[100,100],"ix":3},"r":{"a":0,"k":0,"ix":6},"o":{"a":0,"k":100,"ix":7},"sk":{"a":0,"k":0,"ix":4},"sa":{"a":0,"k":0,"ix":5},"nm":"Transform"}],"nm":"Group 1","np":2,"cix":2,"bm":0,"ix":1,"mn":"ADBE Vector Group","hd":false},{"ty":"gr","it":[{"ind":0,"ty":"sh","ix":1,"ks":{"a":0,"k":{"i":[[-0.434,5.058],[0.862,0.345],[0.658,-0.772],[-0.125,-6.1]],"o":[[0.086,-1.008],[-0.921,-0.369],[-2.823,3.307],[5.032,-3.445]],"v":[[4.54,-3.9],[2.851,-6.93],[-0.591,-6.073],[-4.501,7.299]],"c":true},"ix":2},"nm":"Path 1","mn":"ADBE Vector Shape - Group","hd":false},{"ty":"fl","c":{"a":0,"k":[0.180000005984,0.808000033509,0.819999964097,1],"ix":4},"o":{"a":0,"k":100,"ix":5},"r":1,"bm":0,"nm":"Fill 1","mn":"ADBE Vector Graphic - Fill","hd":false},{"ty":"tr","p":{"a":0,"k":[309.64,453.779],"ix":2},"a":{"a":0,"k":[0,0],"ix":1},"s":{"a":0,"k":[100,100],"ix":3},"r":{"a":0,"k":0,"ix":6},"o":{"a":0,"k":100,"ix":7},"sk":{"a":0,"k":0,"ix":4},"sa":{"a":0,"k":0,"ix":5},"nm":"Transform"}],"nm":"Group 2","np":2,"cix":2,"bm":0,"ix":2,"mn":"ADBE Vector Group","hd":false},{"ty":"gr","it":[{"ind":0,"ty":"sh","ix":1,"ks":{"a":0,"k":{"i":[[0.768,0.405],[0.056,-1.089],[-0.825,0.685]],"o":[[-0.056,1.089],[0.824,-0.685],[-0.769,-0.404]],"v":[[-1.068,-1.634],[-1.237,1.634],[1.237,-0.421]],"c":true},"ix":2},"nm":"Path 1","mn":"ADBE Vector Shape - Group","hd":false},{"ty":"fl","c":{"a":0,"k":[0.008000000785,0.783999992819,0.991999966491,1],"ix":4},"o":{"a":0,"k":100,"ix":5},"r":1,"bm":0,"nm":"Fill 1","mn":"ADBE Vector Graphic - Fill","hd":false},{"ty":"tr","p":{"a":0,"k":[107.682,292.367],"ix":2},"a":{"a":0,"k":[0,0],"ix":1},"s":{"a":0,"k":[100,100],"ix":3},"r":{"a":0,"k":0,"ix":6},"o":{"a":0,"k":100,"ix":7},"sk":{"a":0,"k":0,"ix":4},"sa":{"a":0,"k":0,"ix":5},"nm":"Transform"}],"nm":"Group 3","np":2,"cix":2,"bm":0,"ix":3,"mn":"ADBE Vector Group","hd":false},{"ty":"gr","it":[{"ind":0,"ty":"sh","ix":1,"ks":{"a":0,"k":{"i":[[1.791,6.396],[1.285,-0.736],[2.693,-8.066],[-1.062,-0.017],[-0.261,0.015],[-0.748,0.2],[-0.484,0.193],[-1.345,0.986],[-1.746,1.505],[0,-0.001],[0,0]],"o":[[-1.285,0.735],[-2.693,8.065],[1.136,0.358],[0.266,0.004],[0.784,-0.044],[0.499,-0.132],[1.454,-0.577],[1.855,-1.359],[0,0],[0,-0.001],[-1.789,-6.395]],"v":[[3.283,-13.478],[-0.571,-11.27],[-8.653,12.926],[-5.359,13.474],[-4.568,13.458],[-2.273,13.086],[-0.799,12.596],[3.391,10.202],[8.651,5.71],[8.651,5.711],[8.653,5.71]],"c":true},"ix":2},"nm":"Path 1","mn":"ADBE Vector Shape - Group","hd":false},{"ty":"fl","c":{"a":0,"k":[0.957000014361,0.922000002394,0.093999997307,1],"ix":4},"o":{"a":0,"k":100,"ix":5},"r":1,"bm":0,"nm":"Fill 1","mn":"ADBE Vector Graphic - Fill","hd":false},{"ty":"tr","p":{"a":0,"k":[354.453,292.481],"ix":2},"a":{"a":0,"k":[0,0],"ix":1},"s":{"a":0,"k":[100,100],"ix":3},"r":{"a":0,"k":0,"ix":6},"o":{"a":0,"k":100,"ix":7},"sk":{"a":0,"k":0,"ix":4},"sa":{"a":0,"k":0,"ix":5},"nm":"Transform"}],"nm":"Group 4","np":2,"cix":2,"bm":0,"ix":4,"mn":"ADBE Vector Group","hd":false},{"ty":"gr","it":[{"ind":0,"ty":"sh","ix":1,"ks":{"a":0,"k":{"i":[[6.873,-1.88],[0,0],[0.659,-1.874],[0.246,-0.614],[32.128,-80.264],[0.394,-1.09],[0.408,-1.206],[0.727,-2.083],[-6.384,2.443],[-1.105,2.764],[-32.564,81.4],[-1.221,3.435]],"o":[[0,0],[-0.635,1.883],[-0.22,0.624],[-32.141,80.26],[-0.431,1.076],[-0.432,1.197],[-0.708,2.09],[6.908,0.054],[0.998,-2.805],[32.569,-81.398],[1.353,-3.383],[-6.872,1.877]],"v":[[41.497,-127.921],[41.497,-127.919],[39.634,-122.252],[38.938,-120.393],[-57.505,120.377],[-58.737,123.627],[-59.99,127.234],[-62.114,133.503],[-42.298,129.34],[-39.292,120.927],[58.435,-123.258],[62.114,-133.557]],"c":true},"ix":2},"nm":"Path 1","mn":"ADBE Vector Shape - Group","hd":false},{"ty":"fl","c":{"a":0,"k":[0.964999988032,0.922000002394,0.039000002543,1],"ix":4},"o":{"a":0,"k":100,"ix":5},"r":1,"bm":0,"nm":"Fill 1","mn":"ADBE Vector Graphic - Fill","hd":false},{"ty":"tr","p":{"a":0,"k":[408.166,475.159],"ix":2},"a":{"a":0,"k":[0,0],"ix":1},"s":{"a":0,"k":[100,100],"ix":3},"r":{"a":0,"k":0,"ix":6},"o":{"a":0,"k":100,"ix":7},"sk":{"a":0,"k":0,"ix":4},"sa":{"a":0,"k":0,"ix":5},"nm":"Transform"}],"nm":"Group 5","np":2,"cix":2,"bm":0,"ix":5,"mn":"ADBE Vector Group","hd":false},{"ty":"gr","it":[{"ind":0,"ty":"sh","ix":1,"ks":{"a":0,"k":{"i":[[0,-1.998],[-2.201,3.562],[-0.417,-1.49]],"o":[[-3.5,-2.51],[0.678,1.417],[0.32,1.145]],"v":[[-21.144,-66.994],[-23.179,-75.711],[-21.208,-71.443]],"c":true},"ix":2},"nm":"Path 1","mn":"ADBE Vector Shape - Group","hd":false},{"ind":1,"ty":"sh","ix":2,"ks":{"a":0,"k":{"i":[[-2.823,3.307],[-0.921,-0.369],[0.087,-1.008],[5.033,-3.445]],"o":[[0.659,-0.772],[0.862,0.345],[-0.434,5.057],[-0.124,-6.101]],"v":[[30.419,-76.161],[33.86,-77.018],[35.549,-73.987],[26.508,-62.789]],"c":true},"ix":2},"nm":"Path 2","mn":"ADBE Vector Shape - Group","hd":false},{"ind":2,"ty":"sh","ix":3,"ks":{"a":0,"k":{"i":[[0,0],[-6.833,32.805],[-0.947,8.232],[-0.289,4.564],[-6.979,-0.324],[-9.693,-44.61],[-3.56,1.638],[1.075,23.292],[-1.489,22.886],[-2.489,1.611],[-2.295,6.559],[6.588,3.24],[4.541,-6.012],[0.517,-1.538],[1.16,-4.14],[0.61,-2.489],[6.867,3.334],[0.417,2.588],[2.736,4.29],[4.727,-1.042],[0.733,-5.894],[-0.391,-1.921],[-4.792,-3.908],[-2.783,-1.98],[0.099,-1.957],[2.69,-12.373],[3.54,-13.639],[1.194,-4.369],[1.253,-4.354],[2.74,-8.645]],"o":[[11.725,-31.479],[1.686,-8.09],[0.451,-3.92],[6.935,0.322],[1.896,45.461],[3.789,0.6],[-4.121,-22.904],[-1.068,-23.151],[3.349,-1.815],[5.699,-3.689],[2.52,-7.206],[-5.815,-2.861],[-0.992,1.314],[-1.37,4.072],[-0.699,2.495],[-7.473,1.6],[-0.356,-2.766],[-0.797,-4.946],[-3.398,-5.329],[-4.567,1.006],[-0.242,1.941],[1.239,6.081],[2.303,1.878],[0,1.872],[-0.637,12.633],[-2.996,13.782],[-1.138,4.383],[-1.196,4.369],[-2.505,8.707],[0,0]],"v":[[-38.33,87.451],[-11.873,-9.37],[-8.632,-34.013],[-7.807,-46.458],[12.583,-45.511],[25.395,90.003],[36.461,88.866],[27.3,19.73],[24.982,-49.43],[33.539,-54.112],[46.206,-69.044],[38.773,-87.742],[21.179,-82.456],[18.685,-78.17],[15.005,-65.812],[13.145,-58.291],[-7.959,-59.779],[-8.998,-67.745],[-13.727,-81.818],[-26.998,-88.761],[-36.299,-76.93],[-36.04,-71],[-26.842,-55.997],[-19.227,-50.537],[-19.242,-44.742],[-23.889,-7.177],[-33.689,33.958],[-37.188,47.086],[-40.86,60.17],[-48.726,86.198]],"c":true},"ix":2},"nm":"Path 3","mn":"ADBE Vector Shape - Group","hd":false},{"ty":"mm","mm":1,"nm":"Merge Paths 1","mn":"ADBE Vector Filter - Merge","hd":false},{"ty":"fl","c":{"a":0,"k":[0.941000007181,0.917999985639,0.059000000299,1],"ix":4},"o":{"a":0,"k":100,"ix":5},"r":1,"bm":0,"nm":"Fill 1","mn":"ADBE Vector Graphic - Fill","hd":false},{"ty":"tr","p":{"a":0,"k":[278.63,523.867],"ix":2},"a":{"a":0,"k":[0,0],"ix":1},"s":{"a":0,"k":[100,100],"ix":3},"r":{"a":0,"k":0,"ix":6},"o":{"a":0,"k":100,"ix":7},"sk":{"a":0,"k":0,"ix":4},"sa":{"a":0,"k":0,"ix":5},"nm":"Transform"}],"nm":"Group 6","np":5,"cix":2,"bm":0,"ix":6,"mn":"ADBE Vector Group","hd":false},{"ty":"gr","it":[{"ind":0,"ty":"sh","ix":1,"ks":{"a":0,"k":{"i":[[1.345,4.09],[26.995,82.258],[5.577,17.352],[-0.055,1.09],[-0.769,-0.404],[-0.001,0],[-0.658,-0.347],[-0.208,-0.133],[-6.746,7.864],[-3.484,4.432],[-2.277,2.824],[-1.74,-1.387],[-4.354,-3.579],[-5.117,-3.649],[-4.928,0.233],[2.018,6.875],[1.36,1.02],[1.49,1.247],[4.968,3.894],[3.598,1.617],[6.021,-6.683],[3.535,-4.41],[4.051,-2.105],[4.57,3.24],[3.419,2.03],[3.447,-2.503],[-0.868,-3.914],[-0.934,-2.836],[-30.205,-91.865],[-1.142,-3.557],[-1.307,-4.126],[-1.162,-3.669],[-0.921,-2.89],[-1.426,-0.522],[-0.723,-0.223],[-0.575,-0.153],[-0.731,-0.158],[-0.774,-0.129],[-1.677,-0.121]],"o":[[-27.044,-82.241],[-5.683,-17.318],[0.057,-1.09],[0.768,0.405],[0,0],[0.668,0.331],[0.219,0.115],[8.856,5.69],[3.666,-4.275],[2.01,-2.557],[2.497,1.358],[4.405,3.512],[4.863,3.995],[3.768,2.687],[-2.018,-6.876],[-1.351,-1.032],[-1.556,-1.169],[-4.847,-4.054],[-3.112,-2.439],[-8.159,-3.667],[-3.774,4.189],[-2.236,2.79],[-4.408,-3.205],[-3.249,-2.303],[-4.023,-2.388],[-3.37,2.448],[0.646,2.91],[30.225,91.858],[1.167,3.549],[1.324,4.12],[1.162,3.668],[0.916,2.891],[1.384,0.681],[0.713,0.261],[0.57,0.177],[0.722,0.193],[0.765,0.165],[1.637,0.274],[1.45,-4.473]],"v":[[60.117,165.419],[-20.966,-81.32],[-37.712,-133.372],[-37.544,-136.641],[-35.24,-135.427],[-35.238,-135.428],[-33.215,-134.466],[-32.573,-134.094],[-9.762,-138.079],[0.667,-151.391],[7.022,-159.281],[13.449,-155.716],[26.355,-144.79],[41.169,-133.091],[54.023,-128.433],[47.969,-149.06],[43.889,-152.122],[39.299,-155.721],[24.896,-168.039],[14.755,-174.297],[-5.945,-169.915],[-16.423,-156.589],[-24.375,-148.328],[-37.857,-158.107],[-47.767,-164.774],[-58.831,-163.1],[-62.477,-153.493],[-59.978,-144.889],[30.711,130.681],[34.172,141.341],[38.112,153.711],[41.595,164.717],[44.349,173.391],[48.564,175.193],[50.716,175.919],[52.435,176.41],[54.616,176.935],[56.924,177.369],[61.896,177.964]],"c":true},"ix":2},"nm":"Path 1","mn":"ADBE Vector Shape - Group","hd":false},{"ty":"fl","c":{"a":0,"k":[0.961000031116,0.922000002394,0.039000002543,1],"ix":4},"o":{"a":0,"k":100,"ix":5},"r":1,"bm":0,"nm":"Fill 1","mn":"ADBE Vector Graphic - Fill","hd":false},{"ty":"tr","p":{"a":0,"k":[144.158,427.374],"ix":2},"a":{"a":0,"k":[0,0],"ix":1},"s":{"a":0,"k":[100,100],"ix":3},"r":{"a":0,"k":0,"ix":6},"o":{"a":0,"k":100,"ix":7},"sk":{"a":0,"k":0,"ix":4},"sa":{"a":0,"k":0,"ix":5},"nm":"Transform"}],"nm":"Group 7","np":2,"cix":2,"bm":0,"ix":7,"mn":"ADBE Vector Group","hd":false},{"ty":"gr","it":[{"ind":0,"ty":"sh","ix":1,"ks":{"a":0,"k":{"i":[[0,0],[-1.285,0.735],[0,0],[1.109,0.115]],"o":[[1.285,-0.736],[0,0],[-1.108,-0.115],[0,0]],"v":[[-1.927,14.278],[1.927,12.072],[1.83,-13.933],[-1.495,-14.278]],"c":true},"ix":2},"nm":"Path 1","mn":"ADBE Vector Shape - Group","hd":false},{"ty":"fl","c":{"a":0,"k":[0.470999983245,0.882000014361,0.976000019148,1],"ix":4},"o":{"a":0,"k":100,"ix":5},"r":1,"bm":0,"nm":"Fill 1","mn":"ADBE Vector Graphic - Fill","hd":false},{"ty":"tr","p":{"a":0,"k":[355.808,266.932],"ix":2},"a":{"a":0,"k":[0,0],"ix":1},"s":{"a":0,"k":[100,100],"ix":3},"r":{"a":0,"k":0,"ix":6},"o":{"a":0,"k":100,"ix":7},"sk":{"a":0,"k":0,"ix":4},"sa":{"a":0,"k":0,"ix":5},"nm":"Transform"}],"nm":"Group 8","np":2,"cix":2,"bm":0,"ix":8,"mn":"ADBE Vector Group","hd":false},{"ty":"gr","it":[{"ind":0,"ty":"sh","ix":1,"ks":{"a":0,"k":{"i":[[1.524,9.434],[0,0],[5.03,8.051],[1.894,3.003],[2.403,2.29],[30.53,-14.326],[5.248,-28.469],[0,0],[-1.789,-6.396],[-1.471,-2.492],[-0.22,-0.35],[-30.745,-0.52],[-0.994,-0.003],[-2.981,0.006],[-6.873,1.88],[0,0],[0,0],[-2.838,1.676],[-5.223,23.868],[-0.219,1.432],[-0.079,0.627]],"o":[[0,0],[-2.927,-8.981],[-1.881,-3.012],[-2.365,-2.33],[-23.39,-22.286],[-26.268,12.326],[0,0],[1.79,6.395],[1.378,2.549],[0.21,0.357],[16.165,25.765],[0.994,0.016],[2.981,0.007],[6.873,-1.88],[0,0],[0,0],[2.88,-1.6],[21.036,-12.418],[0.313,-1.429],[0.096,-0.627],[1.191,-9.409]],"v":[[79.378,-14.232],[79.379,-14.235],[68.001,-40.031],[62.319,-49.042],[55.22,-56.029],[-34.642,-70.819],[-81.569,-9.139],[-81.473,16.865],[-76.103,36.052],[-71.993,43.718],[-71.35,44.778],[-1.471,85.111],[1.511,85.139],[10.456,85.099],[31.075,79.458],[31.072,79.462],[31.074,79.462],[39.709,74.645],[79.319,20.255],[80.116,15.964],[80.379,14.083]],"c":true},"ix":2},"nm":"Path 1","mn":"ADBE Vector Shape - Group","hd":false},{"ty":"fl","c":{"a":0,"k":[0.991999966491,0.995999983245,0.995999983245,1],"ix":4},"o":{"a":0,"k":100,"ix":5},"r":1,"bm":0,"nm":"Fill 1","mn":"ADBE Vector Graphic - Fill","hd":false},{"ty":"tr","p":{"a":0,"k":[439.208,262.14],"ix":2},"a":{"a":0,"k":[0,0],"ix":1},"s":{"a":0,"k":[100,100],"ix":3},"r":{"a":0,"k":0,"ix":6},"o":{"a":0,"k":100,"ix":7},"sk":{"a":0,"k":0,"ix":4},"sa":{"a":0,"k":0,"ix":5},"nm":"Transform"}],"nm":"Group 9","np":2,"cix":2,"bm":0,"ix":9,"mn":"ADBE Vector Group","hd":false},{"ty":"gr","it":[{"ind":0,"ty":"sh","ix":1,"ks":{"a":0,"k":{"i":[[-2.694,8.065],[0,0],[17.813,12.182],[1.424,0.854],[3.037,1.357],[1.211,0.474],[2.508,0.717],[1.273,0.298],[1.29,0.238],[8.767,-1.235],[8.37,-35.896],[0.264,-1.92],[0.099,-1.041],[-0.102,-7.327],[0,0.001],[0,0],[-2.018,-6.875],[-1.696,-2.838],[-34.327,47.504],[-1.924,2.696]],"o":[[0,0],[-3.574,-23.049],[-1.37,-0.937],[-2.848,-1.707],[-1.185,-0.529],[-2.42,-0.947],[-1.255,-0.358],[-1.273,-0.299],[-8.385,-1.546],[-30.266,4.264],[-0.446,1.916],[-0.142,1.04],[-0.693,7.287],[0,0],[0,0],[2.018,6.875],[1.71,2.83],[30.388,50.848],[1.939,-2.684],[2.694,-8.065]],"v":[[80.861,9],[81.293,-19.556],[46.822,-73.91],[42.63,-76.597],[33.794,-81.198],[30.2,-82.703],[22.803,-85.203],[19.011,-86.188],[15.166,-86.993],[-10.703,-87.549],[-79.185,-24.698],[-80.24,-18.944],[-80.6,-15.823],[-80.894,6.104],[-80.894,6.103],[-80.894,6.104],[-74.839,26.729],[-69.712,35.22],[67.006,41.281],[72.779,33.195]],"c":true},"ix":2},"nm":"Path 1","mn":"ADBE Vector Shape - Group","hd":false},{"ty":"fl","c":{"a":0,"k":[0.991999966491,0.995999983245,0.995999983245,1],"ix":4},"o":{"a":0,"k":100,"ix":5},"r":1,"bm":0,"nm":"Fill 1","mn":"ADBE Vector Graphic - Fill","hd":false},{"ty":"tr","p":{"a":0,"k":[273.02,272.21],"ix":2},"a":{"a":0,"k":[0,0],"ix":1},"s":{"a":0,"k":[100,100],"ix":3},"r":{"a":0,"k":0,"ix":6},"o":{"a":0,"k":100,"ix":7},"sk":{"a":0,"k":0,"ix":4},"sa":{"a":0,"k":0,"ix":5},"nm":"Transform"}],"nm":"Group 10","np":2,"cix":2,"bm":0,"ix":10,"mn":"ADBE Vector Group","hd":false},{"ty":"gr","it":[{"ind":0,"ty":"sh","ix":1,"ks":{"a":0,"k":{"i":[[0.531,-0.869],[-5.914,-0.909],[-1.172,4.797],[5.064,-1.406]],"o":[[4.91,1.909],[0.817,-3.345],[-6.988,1.815],[-0.438,0.121]],"v":[[-9.171,0.793],[6.438,5.594],[9.171,-5.594],[-7.977,-1.083]],"c":true},"ix":2},"nm":"Path 1","mn":"ADBE Vector Shape - Group","hd":false},{"ty":"fl","c":{"a":0,"k":[0.180000005984,0.823999980852,1,1],"ix":4},"o":{"a":0,"k":100,"ix":5},"r":1,"bm":0,"nm":"Fill 1","mn":"ADBE Vector Graphic - Fill","hd":false},{"ty":"tr","p":{"a":0,"k":[409.935,736.87],"ix":2},"a":{"a":0,"k":[0,0],"ix":1},"s":{"a":0,"k":[100,100],"ix":3},"r":{"a":0,"k":0,"ix":6},"o":{"a":0,"k":100,"ix":7},"sk":{"a":0,"k":0,"ix":4},"sa":{"a":0,"k":0,"ix":5},"nm":"Transform"}],"nm":"Group 11","np":2,"cix":2,"bm":0,"ix":11,"mn":"ADBE Vector Group","hd":false},{"ty":"gr","it":[{"ind":0,"ty":"sh","ix":1,"ks":{"a":0,"k":{"i":[[0.899,-0.927],[-1.881,-3.011],[-2.928,-8.981],[0,0],[0.237,0.703],[0.539,1.372],[0.285,0.678],[5.416,7.079]],"o":[[1.894,3.003],[5.03,8.052],[0,0],[-0.219,-0.713],[-0.473,-1.407],[-0.269,-0.686],[-3.423,-8.131],[-0.901,0.927]],"v":[[-9.566,-16.013],[-3.886,-7.003],[7.492,18.793],[9.566,12.285],[8.882,10.161],[7.364,5.993],[6.533,3.947],[-6.867,-18.793]],"c":true},"ix":2},"nm":"Path 1","mn":"ADBE Vector Shape - Group","hd":false},{"ty":"fl","c":{"a":0,"k":[0.250999989229,0.838999968884,1,1],"ix":4},"o":{"a":0,"k":100,"ix":5},"r":1,"bm":0,"nm":"Fill 1","mn":"ADBE Vector Graphic - Fill","hd":false},{"ty":"tr","p":{"a":0,"k":[511.094,229.11],"ix":2},"a":{"a":0,"k":[0,0],"ix":1},"s":{"a":0,"k":[100,100],"ix":3},"r":{"a":0,"k":0,"ix":6},"o":{"a":0,"k":100,"ix":7},"sk":{"a":0,"k":0,"ix":4},"sa":{"a":0,"k":0,"ix":5},"nm":"Transform"}],"nm":"Group 12","np":2,"cix":2,"bm":0,"ix":12,"mn":"ADBE Vector Group","hd":false},{"ty":"gr","it":[{"ind":0,"ty":"sh","ix":1,"ks":{"a":0,"k":{"i":[[-11.75,0.16],[-4.964,-3.526],[-0.609,5.623],[9.385,-3.92],[21.922,-3.07],[12.907,-1.066],[0.831,-3.79],[-1.413,-8.861],[-3.516,-0.845],[-14.094,3.678],[-8.261,2.494],[-0.445,4.273]],"o":[[2.069,-0.028],[0.61,-5.622],[-5.109,2.812],[-20.727,8.657],[-12.806,1.794],[-1.981,0.163],[7.266,4.3],[3.821,1.334],[14.129,3.393],[8.344,-2.179],[0.024,-4.317],[1.172,-11.232]],"v":[[50.586,-17.905],[61.701,-14.046],[63.527,-30.914],[41.522,-20.306],[-19.944,-3.925],[-58.641,-0.556],[-63.527,3.299],[-50.56,23.631],[-39.865,27.308],[2.571,27.237],[27.37,19.81],[27.509,6.867]],"c":true},"ix":2},"nm":"Path 1","mn":"ADBE Vector Shape - Group","hd":false},{"ty":"fl","c":{"a":0,"k":[0.035000000748,0.791999966491,1,1],"ix":4},"o":{"a":0,"k":100,"ix":5},"r":1,"bm":0,"nm":"Fill 1","mn":"ADBE Vector Graphic - Fill","hd":false},{"ty":"tr","p":{"a":0,"k":[367.932,624.633],"ix":2},"a":{"a":0,"k":[0,0],"ix":1},"s":{"a":0,"k":[100,100],"ix":3},"r":{"a":0,"k":0,"ix":6},"o":{"a":0,"k":100,"ix":7},"sk":{"a":0,"k":0,"ix":4},"sa":{"a":0,"k":0,"ix":5},"nm":"Transform"}],"nm":"Group 13","np":2,"cix":2,"bm":0,"ix":13,"mn":"ADBE Vector Group","hd":false},{"ty":"gr","it":[{"ind":0,"ty":"sh","ix":1,"ks":{"a":0,"k":{"i":[[-5.816,-30.277],[-15.194,-9.796],[-2.139,-0.952],[-13.806,31.795],[7.186,0.703]],"o":[[3.482,18.125],[1.543,0.995],[14.254,-32.191],[-6.516,-5.301],[-36.045,-3.525]],"v":[[-35.324,9.459],[-6.232,50.567],[-0.719,53.059],[41.141,-42.527],[20.153,-49.534]],"c":true},"ix":2},"nm":"Path 1","mn":"ADBE Vector Shape - Group","hd":false},{"ty":"fl","c":{"a":0,"k":[0.019999999626,0.788000009574,1,1],"ix":4},"o":{"a":0,"k":100,"ix":5},"r":1,"bm":0,"nm":"Fill 1","mn":"ADBE Vector Graphic - Fill","hd":false},{"ty":"tr","p":{"a":0,"k":[458.747,751.053],"ix":2},"a":{"a":0,"k":[0,0],"ix":1},"s":{"a":0,"k":[100,100],"ix":3},"r":{"a":0,"k":0,"ix":6},"o":{"a":0,"k":100,"ix":7},"sk":{"a":0,"k":0,"ix":4},"sa":{"a":0,"k":0,"ix":5},"nm":"Transform"}],"nm":"Group 14","np":2,"cix":2,"bm":0,"ix":14,"mn":"ADBE Vector Group","hd":false},{"ty":"gr","it":[{"ind":0,"ty":"sh","ix":1,"ks":{"a":0,"k":{"i":[[2.578,0.369],[-2.575,-0.4]],"o":[[2.578,0.369],[-2.575,-0.4]],"v":[[-3.863,-0.601],[3.863,0.601]],"c":true},"ix":2},"nm":"Path 1","mn":"ADBE Vector Shape - Group","hd":false},{"ty":"fl","c":{"a":0,"k":[0.023999999551,0.788000009574,0.980000035903,1],"ix":4},"o":{"a":0,"k":100,"ix":5},"r":1,"bm":0,"nm":"Fill 1","mn":"ADBE Vector Graphic - Fill","hd":false},{"ty":"tr","p":{"a":0,"k":[244.163,611.92],"ix":2},"a":{"a":0,"k":[0,0],"ix":1},"s":{"a":0,"k":[100,100],"ix":3},"r":{"a":0,"k":0,"ix":6},"o":{"a":0,"k":100,"ix":7},"sk":{"a":0,"k":0,"ix":4},"sa":{"a":0,"k":0,"ix":5},"nm":"Transform"}],"nm":"Group 15","np":2,"cix":2,"bm":0,"ix":15,"mn":"ADBE Vector Group","hd":false},{"ty":"gr","it":[{"ind":0,"ty":"sh","ix":1,"ks":{"a":0,"k":{"i":[[12.905,0.78],[-12.918,1.237],[0,0]],"o":[[12.906,0.78],[0,0],[-12.918,1.239]],"v":[[-19.371,-0.258],[19.371,-0.617],[19.371,-0.62]],"c":true},"ix":2},"nm":"Path 1","mn":"ADBE Vector Shape - Group","hd":false},{"ty":"fl","c":{"a":0,"k":[0.023999999551,0.788000009574,0.980000035903,1],"ix":4},"o":{"a":0,"k":100,"ix":5},"r":1,"bm":0,"nm":"Fill 1","mn":"ADBE Vector Graphic - Fill","hd":false},{"ty":"tr","p":{"a":0,"k":[284.653,614.49],"ix":2},"a":{"a":0,"k":[0,0],"ix":1},"s":{"a":0,"k":[100,100],"ix":3},"r":{"a":0,"k":0,"ix":6},"o":{"a":0,"k":100,"ix":7},"sk":{"a":0,"k":0,"ix":4},"sa":{"a":0,"k":0,"ix":5},"nm":"Transform"}],"nm":"Group 16","np":2,"cix":2,"bm":0,"ix":16,"mn":"ADBE Vector Group","hd":false},{"ty":"gr","it":[{"ind":0,"ty":"sh","ix":1,"ks":{"a":0,"k":{"i":[[-12.918,1.239],[1.896,45.461],[6.935,0.321],[0.451,-3.92],[1.685,-8.089],[11.724,-31.478],[-2.575,-0.4],[-0.86,-0.124],[-2.073,-0.168],[-1.967,-0.132],[-0.861,-0.051]],"o":[[-9.693,-44.609],[-6.979,-0.324],[-0.289,4.563],[-0.948,8.233],[-6.834,32.806],[2.578,0.369],[0.858,0.134],[2.062,0.296],[1.966,0.16],[0.86,0.058],[12.905,0.781]],"v":[[31.862,67.611],[19.051,-67.904],[-1.34,-68.85],[-2.163,-56.405],[-5.405,-31.762],[-31.862,65.059],[-24.136,66.261],[-21.559,66.649],[-15.359,67.369],[-9.461,67.808],[-6.88,67.973]],"c":true},"ix":2},"nm":"Path 1","mn":"ADBE Vector Shape - Group","hd":false},{"ty":"fl","c":{"a":0,"k":[0.023999999551,0.788000009574,0.980000035903,1],"ix":4},"o":{"a":0,"k":100,"ix":5},"r":1,"bm":0,"nm":"Fill 1","mn":"ADBE Vector Graphic - Fill","hd":false},{"ty":"tr","p":{"a":0,"k":[272.163,546.26],"ix":2},"a":{"a":0,"k":[0,0],"ix":1},"s":{"a":0,"k":[100,100],"ix":3},"r":{"a":0,"k":0,"ix":6},"o":{"a":0,"k":100,"ix":7},"sk":{"a":0,"k":0,"ix":4},"sa":{"a":0,"k":0,"ix":5},"nm":"Transform"}],"nm":"Group 17","np":2,"cix":2,"bm":0,"ix":17,"mn":"ADBE Vector Group","hd":false},{"ty":"gr","it":[{"ind":0,"ty":"sh","ix":1,"ks":{"a":0,"k":{"i":[[-7.425,10.657],[-1.233,2.031],[1.584,0.06],[22.695,3.591],[18.226,7.517],[1.582,0.566],[-2.365,-8.849],[-12.66,-2.904],[-32.906,-1.48],[-1.167,0.636],[1.761,2.656]],"o":[[0.881,-1.264],[-2.377,-0.332],[-22.937,-0.869],[-19.471,-3.081],[-1.452,-0.6],[-1.623,9.126],[11.66,5.177],[32.192,7.386],[0.503,0.023],[-1.901,-2.633],[-6.898,-10.41]],"v":[[63.894,-5.814],[66.739,-10.477],[61.206,-11.229],[-7.182,-18.041],[-63.835,-33.149],[-68.376,-34.782],[-66.406,10.231],[-30.038,22.986],[67.801,34.759],[69.999,33.598],[64.38,25.783]],"c":true},"ix":2},"nm":"Path 1","mn":"ADBE Vector Shape - Group","hd":false},{"ty":"fl","c":{"a":0,"k":[0.019999999626,0.788000009574,1,1],"ix":4},"o":{"a":0,"k":100,"ix":5},"r":1,"bm":0,"nm":"Fill 1","mn":"ADBE Vector Graphic - Fill","hd":false},{"ty":"tr","p":{"a":0,"k":[187.198,761.105],"ix":2},"a":{"a":0,"k":[0,0],"ix":1},"s":{"a":0,"k":[100,100],"ix":3},"r":{"a":0,"k":0,"ix":6},"o":{"a":0,"k":100,"ix":7},"sk":{"a":0,"k":0,"ix":4},"sa":{"a":0,"k":0,"ix":5},"nm":"Transform"}],"nm":"Group 18","np":2,"cix":2,"bm":0,"ix":18,"mn":"ADBE Vector Group","hd":false},{"ty":"gr","it":[{"ind":0,"ty":"sh","ix":1,"ks":{"a":0,"k":{"i":[[-36.904,-3.101],[-2.636,0.1],[0.604,1.492],[-12.509,13.505],[-1.428,2.318],[12.146,1.41],[12.028,2.471],[11.677,3.755],[12.353,4.825],[-1.652,-18.051],[-7.252,-2.39]],"o":[[1.814,0.152],[-1.004,-2.299],[-6.445,-15.923],[1.209,-1.306],[-13.196,-1.01],[-12.202,-1.416],[-12.023,-2.47],[-11.562,-3.717],[0.526,18.85],[6.434,4.857],[35.21,11.602]],"v":[[59.256,43.305],[65.554,43.095],[63.266,37.843],[69.02,-6.699],[72.385,-12.076],[34.799,-15.058],[-1.628,-20.755],[-37.314,-29.936],[-72.385,-43.458],[-69.76,11.579],[-49.034,21.781]],"c":true},"ix":2},"nm":"Path 1","mn":"ADBE Vector Shape - Group","hd":false},{"ty":"fl","c":{"a":0,"k":[0.016000001571,0.788000009574,1,1],"ix":4},"o":{"a":0,"k":100,"ix":5},"r":1,"bm":0,"nm":"Fill 1","mn":"ADBE Vector Graphic - Fill","hd":false},{"ty":"tr","p":{"a":0,"k":[183.975,636.75],"ix":2},"a":{"a":0,"k":[0,0],"ix":1},"s":{"a":0,"k":[100,100],"ix":3},"r":{"a":0,"k":0,"ix":6},"o":{"a":0,"k":100,"ix":7},"sk":{"a":0,"k":0,"ix":4},"sa":{"a":0,"k":0,"ix":5},"nm":"Transform"}],"nm":"Group 19","np":2,"cix":2,"bm":0,"ix":19,"mn":"ADBE Vector Group","hd":false},{"ty":"gr","it":[{"ind":0,"ty":"sh","ix":1,"ks":{"a":0,"k":{"i":[[0,0],[0,0],[-0.658,-0.347],[0.669,0.33]],"o":[[0,0],[0.669,0.33],[-0.658,-0.347],[0,0]],"v":[[-1.012,-0.481],[-1.012,-0.481],[1.012,0.481],[-1.012,-0.481]],"c":true},"ix":2},"nm":"Path 1","mn":"ADBE Vector Shape - Group","hd":false},{"ty":"fl","c":{"a":0,"k":[0.961000031116,0.922000002394,0.039000002543,1],"ix":4},"o":{"a":0,"k":100,"ix":5},"r":1,"bm":0,"nm":"Fill 1","mn":"ADBE Vector Graphic - Fill","hd":false},{"ty":"tr","p":{"a":0,"k":[109.931,292.427],"ix":2},"a":{"a":0,"k":[0,0],"ix":1},"s":{"a":0,"k":[100,100],"ix":3},"r":{"a":0,"k":0,"ix":6},"o":{"a":0,"k":100,"ix":7},"sk":{"a":0,"k":0,"ix":4},"sa":{"a":0,"k":0,"ix":5},"nm":"Transform"}],"nm":"Group 20","np":2,"cix":2,"bm":0,"ix":20,"mn":"ADBE Vector Group","hd":false},{"ty":"gr","it":[{"ind":0,"ty":"sh","ix":1,"ks":{"a":0,"k":{"i":[[1.162,3.668],[-1.161,-3.669]],"o":[[1.162,3.668],[-1.161,-3.669]],"v":[[-1.741,-5.503],[1.741,5.503]],"c":true},"ix":2},"nm":"Path 1","mn":"ADBE Vector Shape - Group","hd":false},{"ty":"fl","c":{"a":0,"k":[0.961000031116,0.922000002394,0.039000002543,1],"ix":4},"o":{"a":0,"k":100,"ix":5},"r":1,"bm":0,"nm":"Fill 1","mn":"ADBE Vector Graphic - Fill","hd":false},{"ty":"tr","p":{"a":0,"k":[184.012,586.587],"ix":2},"a":{"a":0,"k":[0,0],"ix":1},"s":{"a":0,"k":[100,100],"ix":3},"r":{"a":0,"k":0,"ix":6},"o":{"a":0,"k":100,"ix":7},"sk":{"a":0,"k":0,"ix":4},"sa":{"a":0,"k":0,"ix":5},"nm":"Transform"}],"nm":"Group 21","np":2,"cix":2,"bm":0,"ix":21,"mn":"ADBE Vector Group","hd":false},{"ty":"gr","it":[{"ind":0,"ty":"sh","ix":1,"ks":{"a":0,"k":{"i":[[-0.922,-2.891],[0.915,2.892]],"o":[[-0.922,-2.89],[0.915,2.892]],"v":[[1.377,4.337],[-1.377,-4.337]],"c":true},"ix":2},"nm":"Path 1","mn":"ADBE Vector Shape - Group","hd":false},{"ty":"fl","c":{"a":0,"k":[0.961000031116,0.922000002394,0.039000002543,1],"ix":4},"o":{"a":0,"k":100,"ix":5},"r":1,"bm":0,"nm":"Fill 1","mn":"ADBE Vector Graphic - Fill","hd":false},{"ty":"tr","p":{"a":0,"k":[187.13,596.427],"ix":2},"a":{"a":0,"k":[0,0],"ix":1},"s":{"a":0,"k":[100,100],"ix":3},"r":{"a":0,"k":0,"ix":6},"o":{"a":0,"k":100,"ix":7},"sk":{"a":0,"k":0,"ix":4},"sa":{"a":0,"k":0,"ix":5},"nm":"Transform"}],"nm":"Group 22","np":2,"cix":2,"bm":0,"ix":22,"mn":"ADBE Vector Group","hd":false},{"ty":"gr","it":[{"ind":0,"ty":"sh","ix":1,"ks":{"a":0,"k":{"i":[[-1.556,-1.168],[1.49,1.247]],"o":[[-1.556,-1.168],[1.49,1.247]],"v":[[2.296,1.798],[-2.296,-1.798]],"c":true},"ix":2},"nm":"Path 1","mn":"ADBE Vector Shape - Group","hd":false},{"ty":"fl","c":{"a":0,"k":[0.961000031116,0.922000002394,0.039000002543,1],"ix":4},"o":{"a":0,"k":100,"ix":5},"r":1,"bm":0,"nm":"Fill 1","mn":"ADBE Vector Graphic - Fill","hd":false},{"ty":"tr","p":{"a":0,"k":[185.752,273.452],"ix":2},"a":{"a":0,"k":[0,0],"ix":1},"s":{"a":0,"k":[100,100],"ix":3},"r":{"a":0,"k":0,"ix":6},"o":{"a":0,"k":100,"ix":7},"sk":{"a":0,"k":0,"ix":4},"sa":{"a":0,"k":0,"ix":5},"nm":"Transform"}],"nm":"Group 23","np":2,"cix":2,"bm":0,"ix":23,"mn":"ADBE Vector Group","hd":false},{"ty":"gr","it":[{"ind":0,"ty":"sh","ix":1,"ks":{"a":0,"k":{"i":[[-0.774,-0.129],[0.765,0.165]],"o":[[-0.774,-0.129],[0.765,0.165]],"v":[[1.155,0.217],[-1.155,-0.218]],"c":true},"ix":2},"nm":"Path 1","mn":"ADBE Vector Shape - Group","hd":false},{"ty":"fl","c":{"a":0,"k":[0.961000031116,0.922000002394,0.039000002543,1],"ix":4},"o":{"a":0,"k":100,"ix":5},"r":1,"bm":0,"nm":"Fill 1","mn":"ADBE Vector Graphic - Fill","hd":false},{"ty":"tr","p":{"a":0,"k":[199.928,604.525],"ix":2},"a":{"a":0,"k":[0,0],"ix":1},"s":{"a":0,"k":[100,100],"ix":3},"r":{"a":0,"k":0,"ix":6},"o":{"a":0,"k":100,"ix":7},"sk":{"a":0,"k":0,"ix":4},"sa":{"a":0,"k":0,"ix":5},"nm":"Transform"}],"nm":"Group 24","np":2,"cix":2,"bm":0,"ix":24,"mn":"ADBE Vector Group","hd":false},{"ty":"gr","it":[{"ind":0,"ty":"sh","ix":1,"ks":{"a":0,"k":{"i":[[-0.672,19.873],[1.844,0.646],[26.171,-1.143],[15.067,-5.903],[5.417,-5.096],[-7.794,-9.921],[-5.684,-3.569],[-8.546,-2.767],[-27.032,4.813],[-14.773,6.262],[-0.688,3.861]],"o":[[-2.588,-1.068],[-24.809,-8.674],[-15.987,0.699],[-6.869,2.69],[-9.187,8.642],[4.151,5.283],[7.654,4.807],[25.563,8.28],[15.774,-2.808],[2.289,-0.97],[-12.141,-13.573]],"v":[[69.582,-28.828],[63.37,-31.378],[-13.22,-42.378],[-60.077,-33.479],[-78.871,-22.401],[-81.033,5.977],[-66.001,18.969],[-41.595,30.193],[36.931,38.708],[82.913,25.725],[88.827,20.422]],"c":true},"ix":2},"nm":"Path 1","mn":"ADBE Vector Shape - Group","hd":false},{"ty":"fl","c":{"a":0,"k":[0.011999999776,0.788000009574,1,1],"ix":4},"o":{"a":0,"k":100,"ix":5},"r":1,"bm":0,"nm":"Fill 1","mn":"ADBE Vector Graphic - Fill","hd":false},{"ty":"tr","p":{"a":0,"k":[343.334,777.715],"ix":2},"a":{"a":0,"k":[0,0],"ix":1},"s":{"a":0,"k":[100,100],"ix":3},"r":{"a":0,"k":0,"ix":6},"o":{"a":0,"k":100,"ix":7},"sk":{"a":0,"k":0,"ix":4},"sa":{"a":0,"k":0,"ix":5},"nm":"Transform"}],"nm":"Group 25","np":2,"cix":2,"bm":0,"ix":25,"mn":"ADBE Vector Group","hd":false},{"ty":"gr","it":[{"ind":0,"ty":"sh","ix":1,"ks":{"a":0,"k":{"i":[[0.001,-0.001],[0,0],[-1.228,-0.458],[1.154,0.656]],"o":[[0,0],[1.157,0.653],[-1.228,-0.458],[-0.002,0.001]],"v":[[-1.739,-0.967],[-1.738,-0.967],[1.739,0.97],[-1.735,-0.97]],"c":true},"ix":2},"nm":"Path 1","mn":"ADBE Vector Shape - Group","hd":false},{"ty":"fl","c":{"a":0,"k":[0.019999999626,0.788000009574,1,1],"ix":4},"o":{"a":0,"k":100,"ix":5},"r":1,"bm":0,"nm":"Fill 1","mn":"ADBE Vector Graphic - Fill","hd":false},{"ty":"tr","p":{"a":0,"k":[450.278,696.55],"ix":2},"a":{"a":0,"k":[0,0],"ix":1},"s":{"a":0,"k":[100,100],"ix":3},"r":{"a":0,"k":0,"ix":6},"o":{"a":0,"k":100,"ix":7},"sk":{"a":0,"k":0,"ix":4},"sa":{"a":0,"k":0,"ix":5},"nm":"Transform"}],"nm":"Group 26","np":2,"cix":2,"bm":0,"ix":26,"mn":"ADBE Vector Group","hd":false},{"ty":"gr","it":[{"ind":0,"ty":"sh","ix":1,"ks":{"a":0,"k":{"i":[[0,0],[-3.108,3.905],[-0.012,0.587],[0.36,0.943],[-1.438,-0.947],[-0.662,-0.215],[0,0],[0.73,5.028],[0.553,0.872],[-1.445,6.767],[4.813,2.415],[0.295,0.474],[-1.417,7.918],[8.681,3.137],[1.802,-0.11],[4.761,-3.429],[2.267,-1.827],[5.481,2.609],[3.879,-4.942],[0.121,-3.947],[-0.02,-2.987],[-0.502,-1.81],[1.498,-0.512],[20.252,2.236],[7.526,4.976],[1.173,2.733],[12.506,-1.442],[3.994,-12.645],[-9.717,-8.542],[-10.191,5.239],[-2.069,1.036],[-1.196,-0.567],[-20.902,3.332],[-9.774,3.345],[-2.842,-1.733],[-12.881,-5.049]],"o":[[2.622,-0.213],[2.35,-2.952],[0.04,-1.941],[0.651,0.777],[1.568,1.031],[7.57,2.467],[4.173,-2.412],[-0.26,-1.793],[7.497,-1.982],[1.263,-5.921],[-4.682,-2.35],[-0.447,-0.719],[1.601,-8.947],[-3.364,-1.217],[-5.446,0.333],[-2.067,1.488],[-0.268,-1.569],[-7.211,-3.433],[-4.434,5.649],[-0.092,2.984],[0.437,1.572],[-1.622,0.959],[-19.079,6.507],[-8.875,-0.98],[-1.044,-3.199],[-5.144,-11.973],[-13.1,1.51],[-3.821,12.094],[11.461,10.075],[2.322,-1.192],[1.749,0.683],[19.314,9.146],[10.227,-1.63],[2.075,-0.711],[0.419,1.413],[4.989,1.955]],"v":[[65.554,50.543],[76.191,46.027],[78.671,39.046],[77.892,34.611],[80.992,37.373],[84.591,39.076],[97.485,38.459],[104.252,25.947],[102.721,21.898],[117.407,7.729],[112.027,-8.48],[100.744,-8.77],[108.02,-23.259],[94.54,-46.313],[86.313,-47.223],[71.095,-41.25],[64.844,-36.236],[57.722,-47.503],[37.707,-39.104],[32.136,-22.754],[32.179,-13.793],[33.554,-8.838],[29.135,-6.273],[-29.696,1.934],[-54.973,-5.56],[-57.905,-14.421],[-88.341,-32.735],[-114.849,-11.699],[-106.321,20.122],[-72.006,24.74],[-65.271,21.363],[-61.056,23.021],[-0.638,30.575],[29.29,22.963],[36.305,22.618],[55.727,48.981]],"c":true},"ix":2},"nm":"Path 1","mn":"ADBE Vector Shape - Group","hd":false},{"ty":"fl","c":{"a":0,"k":[0.019999999626,0.788000009574,1,1],"ix":4},"o":{"a":0,"k":100,"ix":5},"r":1,"bm":0,"nm":"Fill 1","mn":"ADBE Vector Graphic - Fill","hd":false},{"ty":"tr","p":{"a":0,"k":[367.426,658.445],"ix":2},"a":{"a":0,"k":[0,0],"ix":1},"s":{"a":0,"k":[100,100],"ix":3},"r":{"a":0,"k":0,"ix":6},"o":{"a":0,"k":100,"ix":7},"sk":{"a":0,"k":0,"ix":4},"sa":{"a":0,"k":0,"ix":5},"nm":"Transform"}],"nm":"Group 27","np":2,"cix":2,"bm":0,"ix":27,"mn":"ADBE Vector Group","hd":false},{"ty":"gr","it":[{"ind":0,"ty":"sh","ix":1,"ks":{"a":0,"k":{"i":[[4.88,2.699],[0.662,0.757],[0.789,3.166],[21.905,2.615],[8.402,5.246],[0.904,0.219],[0.843,-0.496],[11.55,2.701],[1.302,-0.035],[19.408,3.111],[27.553,12.459],[1.598,0.379],[-1.687,-6.959],[-3.027,-1.306],[-11.707,-2.598],[-17.211,-2.06],[-11.104,1.511],[-19.058,3.648],[-5.082,0.191],[-19.458,-0.609],[-14.411,3.148],[-6.179,2.967],[0.427,1.832]],"o":[[-5.303,-2.934],[-4.354,-4.981],[-21.245,8.236],[-9.699,-1.159],[-0.787,-0.492],[-1.035,0.399],[-10.261,6.041],[-1.286,-0.301],[-19.714,0.528],[-29.643,-4.751],[-1.353,-0.611],[-0.384,14.958],[2.629,1.255],[11.041,4.769],[16.901,3.753],[25.664,3.071],[12.702,-1.728],[11.824,-2.262],[15.69,-0.586],[13.993,0.438],[11.949,-2.61],[-0.428,-1.832],[-2.893,-0.415]],"v":[[143.272,5.823],[134.192,-1.354],[127.25,-14.765],[62.837,-6.866],[35.42,-15.299],[32.636,-16.013],[29.762,-14.884],[-2.963,-10.051],[-6.884,-10.646],[-65.524,-15.302],[-151.932,-38.932],[-156.459,-40.042],[-153.457,11.734],[-144.865,15.813],[-110.59,26.44],[-59.429,35.047],[-9.655,38.531],[25.456,28.223],[52.055,25.183],[89.051,27.279],[129.294,24.94],[156.843,15.438],[155.559,9.942]],"c":true},"ix":2},"nm":"Path 1","mn":"ADBE Vector Shape - Group","hd":false},{"ty":"fl","c":{"a":0,"k":[0.019999999626,0.788000009574,1,1],"ix":4},"o":{"a":0,"k":100,"ix":5},"r":1,"bm":0,"nm":"Fill 1","mn":"ADBE Vector Graphic - Fill","hd":false},{"ty":"tr","p":{"a":0,"k":[271.359,701.955],"ix":2},"a":{"a":0,"k":[0,0],"ix":1},"s":{"a":0,"k":[100,100],"ix":3},"r":{"a":0,"k":0,"ix":6},"o":{"a":0,"k":100,"ix":7},"sk":{"a":0,"k":0,"ix":4},"sa":{"a":0,"k":0,"ix":5},"nm":"Transform"}],"nm":"Group 28","np":2,"cix":2,"bm":0,"ix":28,"mn":"ADBE Vector Group","hd":false},{"ty":"gr","it":[{"ind":0,"ty":"sh","ix":1,"ks":{"a":0,"k":{"i":[[5.278,-1.395],[-5.26,1.453]],"o":[[5.278,-1.395],[-5.26,1.453]],"v":[[-7.93,2.05],[7.93,-2.05]],"c":true},"ix":2},"nm":"Path 1","mn":"ADBE Vector Shape - Group","hd":false},{"ty":"fl","c":{"a":0,"k":[0.011999999776,0.788000009574,0.995999983245,1],"ix":4},"o":{"a":0,"k":100,"ix":5},"r":1,"bm":0,"nm":"Fill 1","mn":"ADBE Vector Graphic - Fill","hd":false},{"ty":"tr","p":{"a":0,"k":[373.798,602.449],"ix":2},"a":{"a":0,"k":[0,0],"ix":1},"s":{"a":0,"k":[100,100],"ix":3},"r":{"a":0,"k":0,"ix":6},"o":{"a":0,"k":100,"ix":7},"sk":{"a":0,"k":0,"ix":4},"sa":{"a":0,"k":0,"ix":5},"nm":"Transform"}],"nm":"Group 29","np":2,"cix":2,"bm":0,"ix":29,"mn":"ADBE Vector Group","hd":false},{"ty":"gr","it":[{"ind":0,"ty":"sh","ix":1,"ks":{"a":0,"k":{"i":[[17.46,37.509],[0.689,-2.169],[1.19,-9.409],[0.096,-0.627],[0.312,-1.429],[21.037,-12.418],[2.879,-1.601],[1.354,-3.383],[32.569,-81.399],[0.997,-2.806],[-5.26,1.453],[-1.736,0.541],[-14.372,8.458],[-1.659,3.224],[-10.632,10.571],[-12.937,26.443],[-1.244,37.096]],"o":[[-0.692,2.171],[1.522,9.435],[-0.08,0.627],[-0.22,1.432],[-5.224,23.868],[-2.838,1.675],[-1.221,3.433],[-32.564,81.4],[-1.106,2.764],[5.277,-1.395],[1.754,-0.483],[15.926,-4.962],[2.841,-1.671],[6.919,-13.45],[20.978,-20.858],[16.274,-33.263],[1.382,-41.197]],"v":[[65.166,-181.552],[63.093,-175.041],[64.092,-146.725],[63.829,-144.844],[63.032,-140.552],[23.421,-86.163],[14.787,-81.346],[11.106,-71.048],[-86.62,173.139],[-89.626,181.552],[-73.766,177.452],[-68.53,175.922],[-23.15,155.572],[-15.939,148.973],[11.362,113.584],[61.862,42.296],[88.244,-63.305]],"c":true},"ix":2},"nm":"Path 1","mn":"ADBE Vector Shape - Group","hd":false},{"ty":"fl","c":{"a":0,"k":[0.011999999776,0.788000009574,0.995999983245,1],"ix":4},"o":{"a":0,"k":100,"ix":5},"r":1,"bm":0,"nm":"Fill 1","mn":"ADBE Vector Graphic - Fill","hd":false},{"ty":"tr","p":{"a":0,"k":[455.495,422.947],"ix":2},"a":{"a":0,"k":[0,0],"ix":1},"s":{"a":0,"k":[100,100],"ix":3},"r":{"a":0,"k":0,"ix":6},"o":{"a":0,"k":100,"ix":7},"sk":{"a":0,"k":0,"ix":4},"sa":{"a":0,"k":0,"ix":5},"nm":"Transform"}],"nm":"Group 30","np":2,"cix":2,"bm":0,"ix":30,"mn":"ADBE Vector Group","hd":false},{"ty":"gr","it":[{"ind":0,"ty":"sh","ix":1,"ks":{"a":0,"k":{"i":[[-2.505,8.707],[-1.195,4.369],[-1.137,4.384],[-2.996,13.783],[-0.637,12.633],[0,1.872],[2.303,1.877],[1.239,6.081],[-0.242,1.942],[-4.568,1.006],[-3.398,-5.33],[-0.796,-4.945],[-0.355,-2.765],[-7.473,1.6],[-0.699,2.495],[-1.37,4.072],[-0.993,1.314],[-5.815,-2.86],[2.52,-7.206],[5.7,-3.689],[3.348,-1.816],[-1.068,-23.152],[-4.121,-22.904],[-10.123,2.861],[-0.708,2.09],[-0.431,1.196],[-0.431,1.076],[-32.141,80.26],[-0.22,0.624],[-0.636,1.883],[2.981,0.008],[0.994,0.017],[16.165,25.766],[0.21,0.356],[1.38,2.55],[1.855,-1.359],[1.453,-0.578],[0.499,-0.133],[0.783,-0.044],[0.265,0.003],[1.136,0.358],[1.94,-2.684],[30.388,50.848],[1.709,2.83],[3.768,2.687],[4.862,3.996],[4.405,3.512],[2.497,1.358],[2.009,-2.556],[3.667,-4.274],[8.856,5.69],[0.22,0.115],[0.669,0.33],[0.824,-0.685],[-5.683,-17.318],[-27.044,-82.241],[1.45,-4.473],[-0.483,-0.165],[-0.899,-0.264],[-0.078,-0.022],[-0.975,-0.237],[-0.01,-0.003],[-0.724,-0.154],[-1.288,-0.215],[-3.532,-0.313]],"o":[[1.252,-4.354],[1.195,-4.368],[3.54,-13.639],[2.69,-12.372],[0.099,-1.958],[-2.782,-1.98],[-4.792,-3.909],[-0.391,-1.921],[0.733,-5.894],[4.726,-1.041],[2.736,4.289],[0.417,2.588],[6.868,3.334],[0.61,-2.489],[1.159,-4.14],[0.517,-1.537],[4.541,-6.011],[6.588,3.241],[-2.294,6.56],[-2.488,1.612],[-1.489,22.885],[1.074,23.292],[10.544,0.347],[0.727,-2.083],[0.408,-1.206],[0.394,-1.09],[32.128,-80.265],[0.246,-0.614],[0.659,-1.874],[-2.982,0.005],[-0.994,-0.003],[-30.745,-0.519],[-0.22,-0.35],[-1.471,-2.492],[-1.748,1.506],[-1.345,0.985],[-0.484,0.192],[-0.748,0.199],[-0.261,0.015],[-1.062,-0.018],[-1.925,2.695],[-34.326,47.504],[-1.696,-2.838],[-4.928,0.234],[-5.118,-3.649],[-4.355,-3.578],[-1.74,-1.387],[-2.278,2.823],[-3.484,4.433],[-6.746,7.865],[-0.208,-0.133],[-0.658,-0.348],[-0.824,0.684],[5.576,17.353],[26.995,82.257],[1.346,4.09],[0.482,0.178],[0.891,0.304],[0.077,0.023],[0.967,0.28],[0.01,0.002],[0.72,0.174],[1.277,0.271],[3.48,0.583],[2.739,-8.644]],"v":[[-40.285,143.451],[-36.614,130.367],[-33.115,117.238],[-23.313,76.104],[-18.667,38.54],[-18.652,32.744],[-26.266,27.285],[-35.464,12.282],[-35.723,6.35],[-26.422,-5.481],[-13.151,1.464],[-8.423,15.536],[-7.384,23.502],[13.72,24.99],[15.58,17.47],[19.262,5.11],[21.754,0.824],[39.348,-4.462],[46.781,14.236],[34.113,29.169],[25.559,33.852],[27.876,103.012],[37.038,172.147],[67.997,168.076],[70.121,161.805],[71.374,158.2],[72.606,154.95],[169.049,-85.82],[169.745,-87.679],[171.608,-93.347],[162.663,-93.309],[159.681,-93.337],[89.803,-133.67],[89.159,-134.729],[85.048,-142.395],[79.789,-137.903],[75.599,-135.509],[74.125,-135.019],[71.829,-134.648],[71.039,-134.631],[67.745,-135.18],[61.971,-127.095],[-74.747,-133.156],[-79.873,-141.647],[-92.727,-146.303],[-107.541,-158.004],[-120.448,-168.928],[-126.874,-172.494],[-133.23,-164.605],[-143.66,-151.293],[-166.469,-147.307],[-167.112,-147.678],[-169.137,-148.64],[-171.609,-146.586],[-154.864,-94.533],[-73.781,152.207],[-72.002,164.752],[-70.555,165.266],[-67.87,166.114],[-67.638,166.184],[-64.725,166.958],[-64.694,166.966],[-62.527,167.455],[-58.679,168.181],[-48.151,169.478]],"c":true},"ix":2},"nm":"Path 1","mn":"ADBE Vector Shape - Group","hd":false},{"ty":"fl","c":{"a":0,"k":[0.008000000785,0.783999992819,0.991999966491,1],"ix":4},"o":{"a":0,"k":100,"ix":5},"r":1,"bm":0,"nm":"Fill 1","mn":"ADBE Vector Graphic - Fill","hd":false},{"ty":"tr","p":{"a":0,"k":[278.055,440.586],"ix":2},"a":{"a":0,"k":[0,0],"ix":1},"s":{"a":0,"k":[100,100],"ix":3},"r":{"a":0,"k":0,"ix":6},"o":{"a":0,"k":100,"ix":7},"sk":{"a":0,"k":0,"ix":4},"sa":{"a":0,"k":0,"ix":5},"nm":"Transform"}],"nm":"Group 31","np":2,"cix":2,"bm":0,"ix":31,"mn":"ADBE Vector Group","hd":false},{"ty":"gr","it":[{"ind":0,"ty":"sh","ix":1,"ks":{"a":0,"k":{"i":[[-0.77,-0.098],[0.915,2.892],[1.162,3.668],[1.323,4.12],[1.167,3.549],[30.225,91.858],[0.645,2.91],[-3.371,2.448],[-4.023,-2.388],[-3.248,-2.303],[-4.407,-3.204],[-2.236,2.79],[-3.774,4.189],[-8.159,-3.667],[-3.112,-2.439],[-4.846,-4.055],[-1.556,-1.168],[-1.35,-1.031],[-0.693,7.287],[-0.143,1.04],[-0.447,1.916],[-30.265,4.264],[-8.385,-1.546],[-1.274,-0.298],[-1.254,-0.358],[-2.421,-0.948],[-1.185,-0.529],[-2.848,-1.707],[-1.37,-0.937],[-3.574,-23.049],[-1.108,-0.115],[-26.268,12.326],[-23.39,-22.285],[-2.366,-2.331],[-0.901,0.927],[12.396,13.093],[2.348,2.302],[3.72,3.285],[17.288,9.497],[1.398,4.242],[-4.899,10.176],[-2.188,10.853],[8.296,4.969],[7.06,-5.753],[2.599,-4.143],[1.82,-5.317],[3.519,-11.097],[1.1,-2.955],[1.556,0.459],[18.315,1.49],[1.601,0.669],[-0.701,10.271],[0.107,7.973],[1.414,4.714],[8.973,-1.758],[3.355,-1.407],[1.519,-7.716],[-0.235,-4.585],[-0.979,-12.268],[0.988,-4.035],[0.945,-0.091],[18.44,-5.935],[1.672,-0.142],[0.976,2.089],[4.951,15.898],[1.448,3.343],[6.722,-3.441],[4.085,-4.947],[-2.027,-6.875],[-1.788,-3.544],[-9.084,-12.361],[-1.231,-2.11],[5.676,-3.446],[-15.372,-101.804],[-41.319,-41.805],[-4.392,-9.032],[-4.443,-2.592],[-22.677,-6.926],[-0.199,-0.045],[-0.411,-0.051],[-0.259,-0.023]],"o":[[-0.922,-2.891],[-1.162,-3.669],[-1.306,-4.126],[-1.143,-3.556],[-30.205,-91.865],[-0.933,-2.836],[-0.868,-3.914],[3.447,-2.503],[3.419,2.03],[4.571,3.24],[4.052,-2.104],[3.534,-4.411],[6.021,-6.682],[3.597,1.617],[4.968,3.894],[1.49,1.247],[1.36,1.02],[-0.101,-7.326],[0.099,-1.041],[0.264,-1.92],[8.369,-35.896],[8.767,-1.235],[1.29,0.238],[1.273,0.299],[2.509,0.717],[1.21,0.474],[3.037,1.357],[1.424,0.854],[17.813,12.182],[1.108,0.115],[5.248,-28.469],[30.53,-14.326],[2.403,2.29],[0.899,-0.927],[-9.215,-15.751],[-2.254,-2.38],[-3.52,-3.454],[-14.777,-13.048],[-2.77,-1.522],[4.796,-9.839],[4.768,-9.904],[1.896,-9.405],[-8.007,-4.795],[-3.797,3.096],[-2.973,4.741],[-3.768,11.011],[-0.874,2.755],[-2.201,-0.395],[-17.603,-5.197],[-1.2,-0.098],[0.186,-10.459],[0.544,-7.964],[-0.066,-4.937],[-2.641,-8.803],[-3.567,0.698],[-7.231,3.032],[-0.893,4.538],[0.629,12.286],[0.313,3.918],[-1.06,0.385],[-19.283,1.873],[-1.465,0.472],[-1.287,-2.418],[-7.051,-15.099],[-1.086,-3.485],[-4.237,-9.781],[-5.697,2.917],[-4.538,5.493],[1.12,3.8],[6.91,13.704],[1.302,1.773],[-6.26,3.634],[-93.368,56.678],[8.789,58.208],[7.087,7.169],[2.313,4.756],[20.515,11.968],[0.195,0.059],[0.399,0.091],[0.257,0.032],[0.778,0.071]],"v":[[-63.732,300.257],[-66.485,291.583],[-69.969,280.577],[-73.909,268.207],[-77.371,257.547],[-168.06,-18.023],[-170.558,-26.627],[-166.912,-36.234],[-155.849,-37.908],[-145.938,-31.24],[-132.457,-21.461],[-124.504,-29.721],[-114.026,-43.049],[-93.325,-47.43],[-83.186,-41.173],[-68.782,-28.853],[-64.191,-25.256],[-60.113,-22.194],[-59.819,-44.119],[-59.458,-47.241],[-58.403,-52.995],[10.078,-115.846],[35.948,-115.29],[39.793,-114.485],[43.584,-113.499],[50.982,-111],[54.576,-109.495],[63.412,-104.894],[67.604,-102.207],[102.075,-47.853],[105.399,-47.507],[152.326,-109.187],[242.189,-94.396],[249.289,-87.409],[251.989,-90.19],[219.421,-133.335],[212.518,-140.358],[201.654,-150.464],[153.512,-184.216],[145.732,-190.698],[160.414,-220.847],[171.981,-251.597],[161.981,-273.565],[138.719,-272.572],[128.866,-261.487],[121.792,-246.131],[111.271,-212.831],[108.173,-204.447],[102.767,-205.44],[48.95,-215.735],[45.009,-217.329],[46.167,-248.325],[47.086,-272.257],[44.973,-287.005],[25.505,-298.499],[15.042,-295.258],[1.597,-279.046],[0.225,-265.203],[3.007,-228.391],[3.598,-216.557],[0.694,-215.533],[-55.868,-203.756],[-60.674,-203.301],[-64.115,-209.804],[-81.782,-256.425],[-85.418,-266.758],[-107.271,-274.456],[-122.176,-262.932],[-126.285,-244.234],[-121.784,-233.18],[-97.512,-194.252],[-94.025,-188.34],[-111.763,-178.025],[-236.617,87.087],[-161.292,236.986],[-143.733,261.075],[-133.571,271.587],[-68.65,299.596],[-68.058,299.752],[-66.841,299.959],[-66.066,300.041]],"c":true},"ix":2},"nm":"Path 1","mn":"ADBE Vector Shape - Group","hd":false},{"ty":"fl","c":{"a":0,"k":[0.011999999776,0.788000009574,1,1],"ix":4},"o":{"a":0,"k":100,"ix":5},"r":1,"bm":0,"nm":"Fill 1","mn":"ADBE Vector Graphic - Fill","hd":false},{"ty":"tr","p":{"a":0,"k":[252.239,300.507],"ix":2},"a":{"a":0,"k":[0,0],"ix":1},"s":{"a":0,"k":[100,100],"ix":3},"r":{"a":0,"k":0,"ix":6},"o":{"a":0,"k":100,"ix":7},"sk":{"a":0,"k":0,"ix":4},"sa":{"a":0,"k":0,"ix":5},"nm":"Transform"}],"nm":"Group 32","np":2,"cix":2,"bm":0,"ix":32,"mn":"ADBE Vector Group","hd":false}],"ip":0,"op":48,"st":0,"bm":0}],"markers":[]}